budget,revenue,popularity,runtime,vote_average,title,genres
112190146,290571935,64.0394,109,6.13,Movie 15,"[{""id"": 12, ""name"": ""Adventure""}]"
89409749,97410154,75.0751,155,3.9,Movie 16,"[{""id"": 18, ""name"": ""Drama""}]"
140199233,342086201,23.2791,147,3.39,Movie 17,"[{""id"": 16, ""name"": ""Animation""}]"
149171095,225736957,53.3437,167,7.38,Movie 18,"[{""id"": 28, ""name"": ""Action""}]"
86652971,173707878,82.7659,108,6.36,Movie 19,"[{""id"": 10749, ""name"": ""Romance""}]"
5521373,11491917,46.8484,152,5.15,Movie 20,"[{""id"": 35, ""name"": ""Comedy""}]"
107683173,154215397,28.5673,147,7.85,Movie 21,"[{""id"": 27, ""name"": ""Horror""}]"
107328085,164488655,82.553,103,7.78,Movie 23,"[{""id"": 53, ""name"": ""Thriller""}]"
31349564,21092988,7.2509,93,4.83,Movie 24,"[{""id"": 27, ""name"": ""Horror""}]"
100052376,159374777,77.9023,148,3.44,Movie 25,"[{""id"": 35, ""name"": ""Comedy""}]"
178077808,132397908,82.3431,97,8.6,Movie 26,"[{""id"": 878, ""name"": ""Science Fiction""}]"
107406362,162457707,46.6908,121,5.37,Movie 27,"[{""id"": 18, ""name"": ""Drama""}]"
107777086,213646086,98.3473,136,7.76,Movie 28,"[{""id"": 12, ""name"": ""Adventure""}]"
63250665,123246276,78.8841,162,4.67,Movie 29,"[{""id"": 16, ""name"": ""Animation""}]"
182009883,392513995,77.5926,91,6.88,Movie 30,"[{""id"": 878, ""name"": ""Science Fiction""}]"
156716283,115680715,75.036,161,8.24,Movie 31,"[{""id"": 53, ""name"": ""Thriller""}]"
195438926,416345129,15.9102,96,3.25,Movie 32,"[{""id"": 12, ""name"": ""Adventure""}]"
80757501,103399493,22.5059,109,7.98,Movie 33,"[{""id"": 16, ""name"": ""Animation""}]"
121716221,182284021,46.935,167,6.43,Movie 34,"[{""id"": 878, ""name"": ""Science Fiction""}]"
53286002,27845986,42.1089,178,6.14,Movie 36,"[{""id"": 16, ""name"": ""Animation""}]"
33049003,65140628,88.9579,102,8.25,Movie 37,"[{""id"": 878, ""name"": ""Science Fiction""}]"
62136438,124073104,82.6084,160,3.26,Movie 38,"[{""id"": 16, ""name"": ""Animation""}]"
197412659,294470482,63.3739,80,4.57,Movie 39,"[{""id"": 16, ""name"": ""Animation""}]"
129482111,141468223,85.9539,158,8.25,Movie 40,"[{""id"": 878, ""name"": ""Science Fiction""}]"
126683192,137664736,78.5935,111,7.51,Movie 41,"[{""id"": 10749, ""name"": ""Romance""}]"
194466162,526862150,43.4695,88,3.11,Movie 42,"[{""id"": 16, ""name"": ""Animation""}]"
196524628,315434003,20.9055,94,6.1,Movie 43,"[{""id"": 28, ""name"": ""Action""}]"
56831368,75427921,51.9059,107,6.18,Movie 44,"[{""id"": 28, ""name"": ""Action""}]"
11959014,19396850,73.8867,103,5.41,Movie 45,"[{""id"": 27, ""name"": ""Horror""}]"
57972561,126001970,44.2055,139,4.78,Movie 46,"[{""id"": 12, ""name"": ""Adventure""}]"
49900483,43133549,67.0104,114,7.09,Movie 47,"[{""id"": 10749, ""name"": ""Romance""}]"
21193880,34410056,10.3384,165,4.25,Movie 48,"[{""id"": 18, ""name"": ""Drama""}]"
121826171,239962340,75.0525,106,7.79,Movie 49,"[{""id"": 10749, ""name"": ""Romance""}]"
4385357,12592370,81.4586,162,7.82,Movie 50,"[{""id"": 16, ""name"": ""Animation""}]"
45738553,51744914,70.9769,155,5.49,Movie 51,"[{""id"": 27, ""name"": ""Horror""}]"
69574553,97274052,96.7591,99,4.7,Movie 52,"[{""id"": 10749, ""name"": ""Romance""}]"
152063092,220247646,82.8386,144,4.7,Movie 53,"[{""id"": 12, ""name"": ""Adventure""}]"
187375041,377344363,90.4063,164,5.89,Movie 54,"[{""id"": 27, ""name"": ""Horror""}]"
89883975,164827418,80.3335,80,5.15,Movie 56,"[{""id"": 53, ""name"": ""Thriller""}]"
148697582,364974620,67.7516,89,6.66,Movie 57,"[{""id"": 28, ""name"": ""Action""}]"
148405005,335909384,1.5661,126,5.29,Movie 58,"[{""id"": 27, ""name"": ""Horror""}]"
69979792,113081858,47.1167,138,4.83,Movie 59,"[{""id"": 35, ""name"": ""Comedy""}]"
38709731,102988804,57.5451,175,3.15,Movie 60,"[{""id"": 53, ""name"": ""Thriller""}]"
162156967,307344308,31.099,141,3.02,Movie 61,"[{""id"": 28, ""name"": ""Action""}]"
24027075,44444432,32.4923,165,4.36,Movie 62,"[{""id"": 53, ""name"": ""Thriller""}]"
87191493,51047952,96.1548,97,5.44,Movie 63,"[{""id"": 12, ""name"": ""Adventure""}]"
88796277,263434796,89.2794,125,8.11,Movie 64,"[{""id"": 18, ""name"": ""Drama""}]"
138802430,87340331,2.3562,171,4.47,Movie 67,"[{""id"": 35, ""name"": ""Comedy""}]"
108944665,115672318,31.9074,118,5.04,Movie 69,"[{""id"": 16, ""name"": ""Animation""}]"
53631083,50950928,2.5585,128,5.99,Movie 70,"[{""id"": 16, ""name"": ""Animation""}]"
9585377,6914785,2.6978,172,5.63,Movie 71,"[{""id"": 18, ""name"": ""Drama""}]"
87544585,66382641,91.7437,161,4.31,Movie 72,"[{""id"": 10749, ""name"": ""Romance""}]"
86157821,169013794,70.9097,123,3.78,Movie 73,"[{""id"": 16, ""name"": ""Animation""}]"
153041741,339832195,31.5866,151,3.08,Movie 74,"[{""id"": 16, ""name"": ""Animation""}]"
171819422,256603281,14.1318,133,3.92,Movie 75,"[{""id"": 27, ""name"": ""Horror""}]"
61304654,104202138,51.6519,174,7.23,Movie 76,"[{""id"": 10749, ""name"": ""Romance""}]"
112636935,249481725,1.5293,113,4.46,Movie 77,"[{""id"": 878, ""name"": ""Science Fiction""}]"
35119117,19085465,93.903,150,5.81,Movie 78,"[{""id"": 53, ""name"": ""Thriller""}]"
37433622,48956688,42.0667,115,6.55,Movie 79,"[{""id"": 878, ""name"": ""Science Fiction""}]"
90482491,265362016,40.8312,97,8.32,Movie 80,"[{""id"": 10749, ""name"": ""Romance""}]"
195249720,380791736,39.6688,117,8.33,Movie 81,"[{""id"": 10749, ""name"": ""Romance""}]"
102670589,116588762,7.8635,138,7.47,Movie 82,"[{""id"": 18, ""name"": ""Drama""}]"
56105831,101233160,64.1939,88,3.21,Movie 83,"[{""id"": 18, ""name"": ""Drama""}]"
138584340,188008188,73.5674,152,6.45,Movie 84,"[{""id"": 878, ""name"": ""Science Fiction""}]"
59743503,109367201,67.9364,151,7.72,Movie 85,"[{""id"": 18, ""name"": ""Drama""}]"
92693393,75485214,14.7051,130,3.1,Movie 86,"[{""id"": 16, ""name"": ""Animation""}]"
171476398,142631775,58.3052,114,6.3,Movie 87,"[{""id"": 10749, ""name"": ""Romance""}]"
70739572,60755099,57.379,161,8.15,Movie 88,"[{""id"": 10749, ""name"": ""Romance""}]"
105157975,299652852,86.9727,84,5.84,Movie 89,"[{""id"": 27, ""name"": ""Horror""}]"
191066585,445614526,38.5336,93,3.02,Movie 90,"[{""id"": 18, ""name"": ""Drama""}]"
120208152,108903144,37.7771,171,3.07,Movie 91,"[{""id"": 16, ""name"": ""Animation""}]"
133862715,129963656,62.2342,109,5.5,Movie 92,"[{""id"": 16, ""name"": ""Animation""}]"
192273147,447433781,63.6742,83,3.93,Movie 93,"[{""id"": 35, ""name"": ""Comedy""}]"
184378299,164172209,47.4592,118,6.99,Movie 94,"[{""id"": 12, ""name"": ""Adventure""}]"
112665644,122400319,44.8629,163,7.25,Movie 95,"[{""id"": 10749, ""name"": ""Romance""}]"
69394024,201823295,49.9206,143,4.07,Movie 96,"[{""id"": 35, ""name"": ""Comedy""}]"
199743196,227360951,86.2435,104,8.33,Movie 97,"[{""id"": 35, ""name"": ""Comedy""}]"
52757120,155452980,94.0532,155,3.86,Movie 99,"[{""id"": 878, ""name"": ""Science Fiction""}]"
68157848,97857079,50.8964,145,7.59,Movie 100,"[{""id"": 16, ""name"": ""Animation""}]"
96540567,52497792,94.9709,157,7.74,Movie 101,"[{""id"": 10749, ""name"": ""Romance""}]"
86390464,95925226,83.4504,101,6.84,Movie 102,"[{""id"": 28, ""name"": ""Action""}]"
49170987,126723122,36.8807,110,8.12,Movie 103,"[{""id"": 53, ""name"": ""Thriller""}]"
187780295,499781403,86.5005,102,7.42,Movie 104,"[{""id"": 10749, ""name"": ""Romance""}]"
24717335,59848043,11.8963,127,8.29,Movie 105,"[{""id"": 878, ""name"": ""Science Fiction""}]"
61472382,48119016,92.5797,99,5.6,Movie 106,"[{""id"": 35, ""name"": ""Comedy""}]"
13719242,34144119,63.5327,117,7.49,Movie 107,"[{""id"": 12, ""name"": ""Adventure""}]"
49715250,139038365,6.3847,134,9,Movie 108,"[{""id"": 27, ""name"": ""Horror""}]"
84139152,168406519,64.7814,147,7.35,Movie 109,"[{""id"": 878, ""name"": ""Science Fiction""}]"
179271906,460208409,7.9103,167,6.11,Movie 111,"[{""id"": 27, ""name"": ""Horror""}]"
173552610,376162923,55.9141,168,6.52,Movie 112,"[{""id"": 35, ""name"": ""Comedy""}]"
92355424,179443180,75.0316,80,4.05,Movie 113,"[{""id"": 10749, ""name"": ""Romance""}]"
187659194,257362230,81.2156,86,8.78,Movie 114,"[{""id"": 10749, ""name"": ""Romance""}]"
50583876,45435378,41.9689,136,4.05,Movie 115,"[{""id"": 16, ""name"": ""Animation""}]"
198421286,399299981,21.2125,174,4.07,Movie 116,"[{""id"": 878, ""name"": ""Science Fiction""}]"
112999993,146366504,5.1919,91,8.49,Movie 117,"[{""id"": 16, ""name"": ""Animation""}]"
172625499,460236267,58.3929,84,5.79,Movie 118,"[{""id"": 878, ""name"": ""Science Fiction""}]"
162226952,483978535,45.8382,129,3.38,Movie 119,"[{""id"": 10749, ""name"": ""Romance""}]"
52327755,124596016,94.9257,121,6.59,Movie 120,"[{""id"": 878, ""name"": ""Science Fiction""}]"
80018913,58110073,6.9999,91,6.61,Movie 121,"[{""id"": 10749, ""name"": ""Romance""}]"
5545583,4285482,3.4717,145,8.84,Movie 123,"[{""id"": 18, ""name"": ""Drama""}]"
189296765,402497758,17.972,153,6.26,Movie 124,"[{""id"": 28, ""name"": ""Action""}]"
55474455,133858592,45.9043,158,6.36,Movie 125,"[{""id"": 18, ""name"": ""Drama""}]"
181844642,290120554,68.8844,96,6.66,Movie 127,"[{""id"": 12, ""name"": ""Adventure""}]"
124685547,343314063,91.1111,147,4.59,Movie 128,"[{""id"": 18, ""name"": ""Drama""}]"
54933927,148031985,64.2642,150,4.72,Movie 129,"[{""id"": 10749, ""name"": ""Romance""}]"
107179285,138581667,95.4,141,6.07,Movie 130,"[{""id"": 27, ""name"": ""Horror""}]"
53453338,142840766,88.2799,120,7.84,Movie 131,"[{""id"": 28, ""name"": ""Action""}]"
150099456,216020229,58.8655,174,3.3,Movie 132,"[{""id"": 35, ""name"": ""Comedy""}]"
35045666,43532786,83.5454,113,6.62,Movie 133,"[{""id"": 16, ""name"": ""Animation""}]"
147939822,314029884,64.6152,149,7.84,Movie 134,"[{""id"": 878, ""name"": ""Science Fiction""}]"
111573005,147382703,8.7772,124,3.94,Movie 135,"[{""id"": 28, ""name"": ""Action""}]"
157396162,326679176,74.3159,137,3.09,Movie 136,"[{""id"": 35, ""name"": ""Comedy""}]"
47321408,95805953,10.3959,130,4.88,Movie 137,"[{""id"": 35, ""name"": ""Comedy""}]"
148014660,282500383,59.8142,113,6.53,Movie 138,"[{""id"": 28, ""name"": ""Action""}]"
91053374,132122931,70.5614,123,3.83,Movie 139,"[{""id"": 18, ""name"": ""Drama""}]"
174660954,347787282,23.8487,157,6.31,Movie 141,"[{""id"": 53, ""name"": ""Thriller""}]"
98636744,183880316,91.6516,149,6.59,Movie 142,"[{""id"": 35, ""name"": ""Comedy""}]"
100483854,161884375,62.0151,129,4.65,Movie 143,"[{""id"": 12, ""name"": ""Adventure""}]"
110174313,59126988,25.3823,111,5.4,Movie 144,"[{""id"": 12, ""name"": ""Adventure""}]"
8887739,17487997,69.3773,146,7.67,Movie 145,"[{""id"": 16, ""name"": ""Animation""}]"
195954700,180496022,60.0809,82,8.65,Movie 146,"[{""id"": 27, ""name"": ""Horror""}]"
62071026,130748887,50.656,165,8.17,Movie 147,"[{""id"": 10749, ""name"": ""Romance""}]"
135987326,326146674,97.6425,165,6.39,Movie 148,"[{""id"": 35, ""name"": ""Comedy""}]"
90178975,157913600,68.6619,153,5.46,Movie 149,"[{""id"": 53, ""name"": ""Thriller""}]"
163651376,471102626,80.2073,146,3.75,Movie 151,"[{""id"": 27, ""name"": ""Horror""}]"
8971379,23486338,88.5737,155,3.64,Movie 152,"[{""id"": 12, ""name"": ""Adventure""}]"
4331068,12064585,13.3968,172,7.13,Movie 153,"[{""id"": 12, ""name"": ""Adventure""}]"
37810847,95828405,20.8547,127,4.56,Movie 154,"[{""id"": 28, ""name"": ""Action""}]"
35428803,27361517,22.4065,96,4.53,Movie 155,"[{""id"": 35, ""name"": ""Comedy""}]"
140871965,122907921,69.43,86,8.99,Movie 156,"[{""id"": 53, ""name"": ""Thriller""}]"
62553124,113631471,60.7009,92,4.13,Movie 157,"[{""id"": 878, ""name"": ""Science Fiction""}]"
181033766,201884175,62.2802,145,3.89,Movie 158,"[{""id"": 16, ""name"": ""Animation""}]"
152968492,258782715,94.1366,83,3.59,Movie 159,"[{""id"": 16, ""name"": ""Animation""}]"
172116174,255749713,77.8152,89,6.48,Movie 160,"[{""id"": 18, ""name"": ""Drama""}]"
24841962,46542300,13.6658,167,6.77,Movie 161,"[{""id"": 12, ""name"": ""Adventure""}]"
67834972,160578219,35.4032,96,5.19,Movie 162,"[{""id"": 18, ""name"": ""Drama""}]"
178374243,408249993,44.104,131,6.21,Movie 163,"[{""id"": 10749, ""name"": ""Romance""}]"
23993420,43262183,40.2002,85,7.73,Movie 164,"[{""id"": 878, ""name"": ""Science Fiction""}]"
63190751,161514519,67.2616,162,7.91,Movie 165,"[{""id"": 878, ""name"": ""Science Fiction""}]"
157188486,247910642,89.2974,148,8.75,Movie 166,"[{""id"": 16, ""name"": ""Animation""}]"
171731194,470850136,31.2991,175,7.95,Movie 167,"[{""id"": 53, ""name"": ""Thriller""}]"
156569237,451960599,79.1515,88,4.08,Movie 169,"[{""id"": 35, ""name"": ""Comedy""}]"
24484187,52316163,42.2056,170,3.6,Movie 170,"[{""id"": 27, ""name"": ""Horror""}]"
196995197,285679730,17.6437,156,3.33,Movie 171,"[{""id"": 12, ""name"": ""Adventure""}]"
37093880,36829968,48.0201,162,7,Movie 172,"[{""id"": 16, ""name"": ""Animation""}]"
185658932,315241082,6.467,100,7.85,Movie 173,"[{""id"": 18, ""name"": ""Drama""}]"
82752859,81627073,94.296,103,6.05,Movie 174,"[{""id"": 53, ""name"": ""Thriller""}]"
133888171,122618672,8.4073,83,3.33,Movie 175,"[{""id"": 18, ""name"": ""Drama""}]"
179283859,366344943,44.4072,103,6.21,Movie 176,"[{""id"": 53, ""name"": ""Thriller""}]"
36563453,79534288,98.5451,178,6.59,Movie 178,"[{""id"": 12, ""name"": ""Adventure""}]"
51873983,94963134,12.3287,147,7.8,Movie 180,"[{""id"": 53, ""name"": ""Thriller""}]"
91586459,178807003,1.8619,119,8.59,Movie 181,"[{""id"": 53, ""name"": ""Thriller""}]"
189110296,136928306,16.4016,127,7.62,Movie 182,"[{""id"": 16, ""name"": ""Animation""}]"
24637222,56519991,21.52,133,7.49,Movie 183,"[{""id"": 10749, ""name"": ""Romance""}]"
137702141,206520578,63.4275,114,4.4,Movie 184,"[{""id"": 18, ""name"": ""Drama""}]"
96057280,282582564,22.751,174,3.36,Movie 185,"[{""id"": 27, ""name"": ""Horror""}]"
174667704,446788640,3.0316,135,6.11,Movie 186,"[{""id"": 53, ""name"": ""Thriller""}]"
98453338,177826675,82.8352,168,3.75,Movie 187,"[{""id"": 12, ""name"": ""Adventure""}]"
3235000,2614063,37.194,119,8.77,Movie 188,"[{""id"": 53, ""name"": ""Thriller""}]"
24685747,65381175,36.016,156,4.74,Movie 189,"[{""id"": 28, ""name"": ""Action""}]"
173094412,432641302,30.9454,147,8.12,Movie 190,"[{""id"": 16, ""name"": ""Animation""}]"
30859174,29669948,97.562,125,5.33,Movie 191,"[{""id"": 878, ""name"": ""Science Fiction""}]"
171320581,212128410,17.8414,157,4.94,Movie 192,"[{""id"": 28, ""name"": ""Action""}]"
47159303,117120984,89.9256,92,8.61,Movie 193,"[{""id"": 28, ""name"": ""Action""}]"
147412954,141969158,77.9035,106,5.18,Movie 194,"[{""id"": 27, ""name"": ""Horror""}]"
183153864,511801718,8.5715,85,5.34,Movie 195,"[{""id"": 10749, ""name"": ""Romance""}]"
22200096,15930731,27.8652,115,7.02,Movie 197,"[{""id"": 878, ""name"": ""Science Fiction""}]"
84375337,214260335,10.7597,178,4.73,Movie 198,"[{""id"": 28, ""name"": ""Action""}]"
108868843,156093339,83.1021,160,6.51,Movie 199,"[{""id"": 878, ""name"": ""Science Fiction""}]"
24234510,44015879,70.9609,81,6.55,Movie 200,"[{""id"": 27, ""name"": ""Horror""}]"
186933626,145950458,62.1047,156,7.32,Movie 201,"[{""id"": 878, ""name"": ""Science Fiction""}]"
46968757,23787798,16.4421,131,7.47,Movie 202,"[{""id"": 878, ""name"": ""Science Fiction""}]"
135278815,283404114,48.3711,145,6.09,Movie 203,"[{""id"": 16, ""name"": ""Animation""}]"
67653416,134213987,31.0588,171,8.02,Movie 205,"[{""id"": 878, ""name"": ""Science Fiction""}]"
124850419,310173340,31.8573,122,4.86,Movie 206,"[{""id"": 878, ""name"": ""Science Fiction""}]"
148240432,138891442,18.2501,101,5.41,Movie 208,"[{""id"": 878, ""name"": ""Science Fiction""}]"
17816569,24977605,87.6652,134,8.13,Movie 209,"[{""id"": 16, ""name"": ""Animation""}]"
108147827,298999299,44.7329,146,5.59,Movie 210,"[{""id"": 18, ""name"": ""Drama""}]"
8654909,20986957,98.4392,178,5.32,Movie 211,"[{""id"": 53, ""name"": ""Thriller""}]"
38814054,73420379,40.1751,139,7.14,Movie 212,"[{""id"": 16, ""name"": ""Animation""}]"
107388866,122327999,71.8035,137,6.61,Movie 213,"[{""id"": 12, ""name"": ""Adventure""}]"
100157604,125712942,28.91,91,3.64,Movie 214,"[{""id"": 16, ""name"": ""Animation""}]"
150638768,350972537,37.0172,167,6.05,Movie 215,"[{""id"": 35, ""name"": ""Comedy""}]"
159428240,418967155,19.8819,148,7.41,Movie 216,"[{""id"": 35, ""name"": ""Comedy""}]"
73073914,159196028,35.3592,163,8.95,Movie 217,"[{""id"": 18, ""name"": ""Drama""}]"
168997441,426519956,55.1765,118,6.77,Movie 218,"[{""id"": 35, ""name"": ""Comedy""}]"
12506305,30223241,99.1855,92,5.22,Movie 219,"[{""id"": 53, ""name"": ""Thriller""}]"
155777819,136190303,66.756,120,4.36,Movie 220,"[{""id"": 53, ""name"": ""Thriller""}]"
142951830,222985132,20.7253,136,8.24,Movie 221,"[{""id"": 12, ""name"": ""Adventure""}]"
124035620,109456411,5.4512,132,7.89,Movie 222,"[{""id"": 53, ""name"": ""Thriller""}]"
140892447,153303516,13.5093,91,4.4,Movie 223,"[{""id"": 18, ""name"": ""Drama""}]"
143875872,384601652,56.693,92,4.2,Movie 224,"[{""id"": 53, ""name"": ""Thriller""}]"
41163712,69246827,76.7509,153,7.29,Movie 225,"[{""id"": 10749, ""name"": ""Romance""}]"
86447809,158925241,94.1015,176,4.89,Movie 226,"[{""id"": 53, ""name"": ""Thriller""}]"
133863028,126649807,2.5665,136,4.84,Movie 227,"[{""id"": 16, ""name"": ""Animation""}]"
45165849,57842975,52.7533,119,3.91,Movie 228,"[{""id"": 53, ""name"": ""Thriller""}]"
130693942,140576419,47.6159,159,4.58,Movie 229,"[{""id"": 53, ""name"": ""Thriller""}]"
79826934,81061490,65.9494,124,5.57,Movie 230,"[{""id"": 878, ""name"": ""Science Fiction""}]"
50905866,106642799,56.3983,114,7.4,Movie 231,"[{""id"": 28, ""name"": ""Action""}]"
175875390,200886562,69.0169,82,5.02,Movie 232,"[{""id"": 27, ""name"": ""Horror""}]"
141877636,295110975,66.1502,84,4.97,Movie 233,"[{""id"": 10749, ""name"": ""Romance""}]"
32378291,20920796,12.5842,169,4.71,Movie 234,"[{""id"": 28, ""name"": ""Action""}]"
198238369,169381995,80.1721,90,5.87,Movie 235,"[{""id"": 53, ""name"": ""Thriller""}]"
37634821,44648093,13.2,150,4.08,Movie 236,"[{""id"": 12, ""name"": ""Adventure""}]"
103325205,205887590,70.1545,135,5.91,Movie 237,"[{""id"": 10749, ""name"": ""Romance""}]"
154651082,338624490,42.1984,89,7.23,Movie 238,"[{""id"": 53, ""name"": ""Thriller""}]"
17887294,28741168,51.8712,113,3.18,Movie 239,"[{""id"": 12, ""name"": ""Adventure""}]"
120356143,194312259,90.4265,146,3.06,Movie 240,"[{""id"": 10749, ""name"": ""Romance""}]"
98935968,228669924,89.0985,151,3.45,Movie 241,"[{""id"": 10749, ""name"": ""Romance""}]"
111456008,60136393,81.9678,110,6.21,Movie 242,"[{""id"": 53, ""name"": ""Thriller""}]"
36562619,49459171,51.5047,154,8.13,Movie 243,"[{""id"": 35, ""name"": ""Comedy""}]"
36213498,92227364,73.8877,150,3.03,Movie 244,"[{""id"": 27, ""name"": ""Horror""}]"
36703247,73701901,51.7768,145,8.62,Movie 245,"[{""id"": 27, ""name"": ""Horror""}]"
176127900,236551716,87.091,149,3.64,Movie 246,"[{""id"": 18, ""name"": ""Drama""}]"
197962050,547129885,40.8748,120,8.05,Movie 247,"[{""id"": 53, ""name"": ""Thriller""}]"
122946771,298952059,97.0533,142,5.9,Movie 248,"[{""id"": 18, ""name"": ""Drama""}]"
58805563,68346096,93.3,111,6.96,Movie 249,"[{""id"": 53, ""name"": ""Thriller""}]"
141621731,299278524,74.4187,99,6.06,Movie 250,"[{""id"": 12, ""name"": ""Adventure""}]"
72244178,143720893,28.6622,136,5.86,Movie 251,"[{""id"": 12, ""name"": ""Adventure""}]"
102573977,154165588,14.0337,177,8.01,Movie 252,"[{""id"": 18, ""name"": ""Drama""}]"
52939266,75035596,85.6156,129,7.54,Movie 253,"[{""id"": 878, ""name"": ""Science Fiction""}]"
168485586,228955262,17.3649,159,5.9,Movie 254,"[{""id"": 878, ""name"": ""Science Fiction""}]"
156331731,319368445,85.5718,104,3.67,Movie 255,"[{""id"": 10749, ""name"": ""Romance""}]"
87641503,140754430,49.5857,91,3.69,Movie 256,"[{""id"": 18, ""name"": ""Drama""}]"
145639686,375700549,41.2491,150,7.81,Movie 257,"[{""id"": 53, ""name"": ""Thriller""}]"
13984808,30403064,90.4159,118,6.18,Movie 258,"[{""id"": 35, ""name"": ""Comedy""}]"
15764960,10638652,60.7812,96,5.89,Movie 259,"[{""id"": 18, ""name"": ""Drama""}]"
97946087,205727974,58.0848,124,7.08,Movie 260,"[{""id"": 10749, ""name"": ""Romance""}]"
51402943,60545912,56.3178,90,8.15,Movie 261,"[{""id"": 878, ""name"": ""Science Fiction""}]"
77241446,153094861,37.7458,149,6.77,Movie 262,"[{""id"": 878, ""name"": ""Science Fiction""}]"
54777024,58998852,26.027,170,7.59,Movie 264,"[{""id"": 53, ""name"": ""Thriller""}]"
93649393,91384216,89.5045,117,4.64,Movie 266,"[{""id"": 27, ""name"": ""Horror""}]"
179017694,112932809,34.4106,81,7.81,Movie 267,"[{""id"": 35, ""name"": ""Comedy""}]"
11047453,15976727,73.2169,165,5.26,Movie 268,"[{""id"": 53, ""name"": ""Thriller""}]"
35109026,104930389,34.4273,168,3.42,Movie 270,"[{""id"": 10749, ""name"": ""Romance""}]"
177308486,286509392,98.8636,158,3.35,Movie 271,"[{""id"": 878, ""name"": ""Science Fiction""}]"
151255355,201763129,3.4985,172,8.56,Movie 272,"[{""id"": 16, ""name"": ""Animation""}]"
21281689,41524565,26.012,151,6.89,Movie 273,"[{""id"": 27, ""name"": ""Horror""}]"
192849071,139221309,52.4873,116,5.28,Movie 274,"[{""id"": 53, ""name"": ""Thriller""}]"
72450611,210408480,52.6733,128,7.53,Movie 275,"[{""id"": 53, ""name"": ""Thriller""}]"
128348283,267914220,59.3044,131,7.03,Movie 276,"[{""id"": 878, ""name"": ""Science Fiction""}]"
47510960,113413153,75.4159,112,6.19,Movie 277,"[{""id"": 28, ""name"": ""Action""}]"
132437871,122663273,62.7243,101,3.59,Movie 278,"[{""id"": 27, ""name"": ""Horror""}]"
96415947,150092901,6.2979,97,8.2,Movie 280,"[{""id"": 12, ""name"": ""Adventure""}]"
35795514,44820736,27.2716,173,8.27,Movie 283,"[{""id"": 10749, ""name"": ""Romance""}]"
114944584,193936382,20.751,143,6.94,Movie 285,"[{""id"": 28, ""name"": ""Action""}]"
158666402,126865292,24.4714,158,4.69,Movie 287,"[{""id"": 16, ""name"": ""Animation""}]"
166165871,91402177,94.5219,127,8.17,Movie 289,"[{""id"": 53, ""name"": ""Thriller""}]"
147720975,346102941,61.3842,123,6.92,Movie 290,"[{""id"": 12, ""name"": ""Adventure""}]"
95962818,232373916,92.5277,161,6.07,Movie 291,"[{""id"": 53, ""name"": ""Thriller""}]"
52910807,115287151,59.4048,176,3.32,Movie 293,"[{""id"": 12, ""name"": ""Adventure""}]"
127736437,93544312,1.6371,95,5.67,Movie 294,"[{""id"": 53, ""name"": ""Thriller""}]"
129314487,147757081,77.4791,133,3.3,Movie 295,"[{""id"": 35, ""name"": ""Comedy""}]"
55847136,137928741,70.5463,114,6.42,Movie 296,"[{""id"": 16, ""name"": ""Animation""}]"
74150359,197367158,61.9101,177,5.3,Movie 297,"[{""id"": 28, ""name"": ""Action""}]"
93942922,166006169,51.7793,81,4.83,Movie 299,"[{""id"": 18, ""name"": ""Drama""}]"
158319111,142211732,70.7042,173,6.56,Movie 300,"[{""id"": 53, ""name"": ""Thriller""}]"
102164453,81131098,38.2047,120,3.03,Movie 302,"[{""id"": 16, ""name"": ""Animation""}]"
189928103,202917903,71.1041,159,3.43,Movie 303,"[{""id"": 18, ""name"": ""Drama""}]"
189673875,256853754,48.0931,138,4.74,Movie 304,"[{""id"": 16, ""name"": ""Animation""}]"
79110973,114890794,67.7656,148,8.29,Movie 305,"[{""id"": 10749, ""name"": ""Romance""}]"
40501026,55316480,76.5264,171,3.88,Movie 306,"[{""id"": 12, ""name"": ""Adventure""}]"
168381501,184821989,5.4998,132,7.27,Movie 307,"[{""id"": 16, ""name"": ""Animation""}]"
166363810,426426258,23.4474,99,7.74,Movie 309,"[{""id"": 878, ""name"": ""Science Fiction""}]"
156322520,187471164,67.3332,103,4.46,Movie 310,"[{""id"": 28, ""name"": ""Action""}]"
22739356,64942862,47.3647,140,8.45,Movie 311,"[{""id"": 27, ""name"": ""Horror""}]"
146689489,393618016,77.5817,170,3.56,Movie 312,"[{""id"": 12, ""name"": ""Adventure""}]"
154794431,139997713,13.2167,173,5.81,Movie 313,"[{""id"": 28, ""name"": ""Action""}]"
19877237,49011102,63.0059,137,8.33,Movie 314,"[{""id"": 53, ""name"": ""Thriller""}]"
47918818,92793279,28.5686,106,6.85,Movie 315,"[{""id"": 53, ""name"": ""Thriller""}]"
116797711,223835619,85.4452,105,5.48,Movie 316,"[{""id"": 27, ""name"": ""Horror""}]"
158922984,234825698,92.91,86,4.76,Movie 317,"[{""id"": 35, ""name"": ""Comedy""}]"
106996448,187552201,99.6434,121,5.25,Movie 318,"[{""id"": 35, ""name"": ""Comedy""}]"
78633091,117395032,79.8047,126,6.05,Movie 319,"[{""id"": 27, ""name"": ""Horror""}]"
56403796,104309319,75.6197,132,4.91,Movie 320,"[{""id"": 53, ""name"": ""Thriller""}]"
106797503,221057495,22.3346,138,8.81,Movie 321,"[{""id"": 53, ""name"": ""Thriller""}]"
158725830,346936493,34.2647,117,8.6,Movie 322,"[{""id"": 12, ""name"": ""Adventure""}]"
144623362,264834731,47.1026,148,8.22,Movie 323,"[{""id"": 16, ""name"": ""Animation""}]"
141071312,324965549,77.5647,166,5.53,Movie 324,"[{""id"": 53, ""name"": ""Thriller""}]"
25947744,22138488,91.5816,171,7.15,Movie 325,"[{""id"": 35, ""name"": ""Comedy""}]"
183708911,189212136,19.7248,177,8.42,Movie 326,"[{""id"": 10749, ""name"": ""Romance""}]"
38856186,50758610,69.8668,94,5.49,Movie 328,"[{""id"": 10749, ""name"": ""Romance""}]"
49673237,27679644,61.4663,175,3.67,Movie 329,"[{""id"": 12, ""name"": ""Adventure""}]"
2983509,3159643,6.497,127,6.46,Movie 331,"[{""id"": 35, ""name"": ""Comedy""}]"
118556893,343021514,57.278,174,6.86,Movie 332,"[{""id"": 27, ""name"": ""Horror""}]"
153516645,296686816,65.5001,98,8.1,Movie 333,"[{""id"": 16, ""name"": ""Animation""}]"
178780965,506276737,21.8674,88,4.76,Movie 334,"[{""id"": 53, ""name"": ""Thriller""}]"
78729132,152569844,56.0892,143,4,Movie 335,"[{""id"": 28, ""name"": ""Action""}]"
74214389,126044686,85.7928,172,5.27,Movie 336,"[{""id"": 27, ""name"": ""Horror""}]"
134568263,172828607,83.6715,133,5.12,Movie 337,"[{""id"": 35, ""name"": ""Comedy""}]"
27365210,55166275,92.8082,130,3.79,Movie 338,"[{""id"": 10749, ""name"": ""Romance""}]"
193463073,164055730,37.2227,118,7.03,Movie 339,"[{""id"": 16, ""name"": ""Animation""}]"
162398036,445888828,32.4869,83,6.05,Movie 340,"[{""id"": 12, ""name"": ""Adventure""}]"
12326237,31719487,75.1932,82,7.33,Movie 341,"[{""id"": 878, ""name"": ""Science Fiction""}]"
87343264,113007214,43.6801,143,5.12,Movie 342,"[{""id"": 878, ""name"": ""Science Fiction""}]"
62864219,181174290,9.6673,108,4.95,Movie 343,"[{""id"": 10749, ""name"": ""Romance""}]"
189652398,486079459,28.9973,90,5.84,Movie 344,"[{""id"": 27, ""name"": ""Horror""}]"
34255876,74190253,42.4396,176,8.26,Movie 345,"[{""id"": 18, ""name"": ""Drama""}]"
184331835,148277408,29.9591,137,3.24,Movie 346,"[{""id"": 16, ""name"": ""Animation""}]"
151118204,256233768,33.8884,154,7.83,Movie 347,"[{""id"": 878, ""name"": ""Science Fiction""}]"
133166290,235074308,30.0838,106,5.21,Movie 348,"[{""id"": 16, ""name"": ""Animation""}]"
41820227,45223489,5.1084,176,8.13,Movie 349,"[{""id"": 53, ""name"": ""Thriller""}]"
105436258,73796258,64.0724,100,7.81,Movie 350,"[{""id"": 12, ""name"": ""Adventure""}]"
80688895,197026876,60.1319,118,5.09,Movie 351,"[{""id"": 878, ""name"": ""Science Fiction""}]"
88927856,71594716,65.685,174,7.16,Movie 352,"[{""id"": 27, ""name"": ""Horror""}]"
188276799,373866299,20.0387,125,3.96,Movie 353,"[{""id"": 878, ""name"": ""Science Fiction""}]"
13707035,38943371,30.2698,145,8.38,Movie 354,"[{""id"": 53, ""name"": ""Thriller""}]"
71560220,85470207,60.3631,115,5.73,Movie 356,"[{""id"": 35, ""name"": ""Comedy""}]"
127960685,336360219,51.1267,154,7.23,Movie 357,"[{""id"": 18, ""name"": ""Drama""}]"
172216244,86251279,35.6909,161,7.93,Movie 358,"[{""id"": 18, ""name"": ""Drama""}]"
37481541,20398186,91.3802,144,4.42,Movie 359,"[{""id"": 878, ""name"": ""Science Fiction""}]"
67385640,135201396,34.6373,142,6.97,Movie 360,"[{""id"": 18, ""name"": ""Drama""}]"
67880548,95847031,46.1063,178,5.35,Movie 361,"[{""id"": 27, ""name"": ""Horror""}]"
79384476,116389716,68.1333,114,5.21,Movie 362,"[{""id"": 10749, ""name"": ""Romance""}]"
126218996,241217467,54.7591,110,7.14,Movie 363,"[{""id"": 18, ""name"": ""Drama""}]"
43058334,42173749,35.3417,107,5.32,Movie 364,"[{""id"": 28, ""name"": ""Action""}]"
113184418,116510724,44.1288,80,5.08,Movie 365,"[{""id"": 12, ""name"": ""Adventure""}]"
184960251,316560203,79.6536,104,8.02,Movie 366,"[{""id"": 35, ""name"": ""Comedy""}]"
174986784,417454397,28.5348,122,3.61,Movie 367,"[{""id"": 53, ""name"": ""Thriller""}]"
56174259,115086697,15.0833,163,7.06,Movie 368,"[{""id"": 878, ""name"": ""Science Fiction""}]"
191906558,238614238,32.0032,146,4.49,Movie 369,"[{""id"": 28, ""name"": ""Action""}]"
44369428,69919250,85.1039,142,3.09,Movie 370,"[{""id"": 27, ""name"": ""Horror""}]"
15650271,14502509,9.81,130,4,Movie 371,"[{""id"": 10749, ""name"": ""Romance""}]"
166943254,114618987,99.1779,81,6.64,Movie 372,"[{""id"": 18, ""name"": ""Drama""}]"
80348896,197396354,54.5593,161,7.25,Movie 373,"[{""id"": 28, ""name"": ""Action""}]"
19992383,23260508,98.4997,143,3.13,Movie 374,"[{""id"": 878, ""name"": ""Science Fiction""}]"
192094911,181417501,93.9606,153,3.22,Movie 375,"[{""id"": 28, ""name"": ""Action""}]"
85574185,190748721,45.8286,148,8.42,Movie 376,"[{""id"": 12, ""name"": ""Adventure""}]"
137206901,280605837,20.6506,88,3.44,Movie 377,"[{""id"": 10749, ""name"": ""Romance""}]"
37635193,78393130,17.3236,81,8.37,Movie 378,"[{""id"": 16, ""name"": ""Animation""}]"
33474983,35893099,24.7589,113,4.37,Movie 379,"[{""id"": 53, ""name"": ""Thriller""}]"
34999533,37855979,71.3031,139,7.44,Movie 380,"[{""id"": 53, ""name"": ""Thriller""}]"
149934423,157731998,28.022,140,4.86,Movie 381,"[{""id"": 27, ""name"": ""Horror""}]"
92992689,86890647,34.8011,110,8.15,Movie 382,"[{""id"": 12, ""name"": ""Adventure""}]"
199184878,426118038,45.4291,89,7.2,Movie 383,"[{""id"": 28, ""name"": ""Action""}]"
199198934,521909117,91.41,155,5.41,Movie 384,"[{""id"": 27, ""name"": ""Horror""}]"
65785345,152016359,19.7499,115,3.46,Movie 385,"[{""id"": 27, ""name"": ""Horror""}]"
18882750,46833640,1.4976,164,7.4,Movie 386,"[{""id"": 878, ""name"": ""Science Fiction""}]"
79725274,120544301,6.9495,128,6.7,Movie 387,"[{""id"": 10749, ""name"": ""Romance""}]"
11192257,15507886,65.1041,128,3.06,Movie 389,"[{""id"": 28, ""name"": ""Action""}]"
44167705,80109685,28.031,82,7.85,Movie 390,"[{""id"": 53, ""name"": ""Thriller""}]"
156348071,266430733,18.5421,153,4.56,Movie 391,"[{""id"": 12, ""name"": ""Adventure""}]"
41869792,39450465,30.1324,84,6.82,Movie 392,"[{""id"": 12, ""name"": ""Adventure""}]"
50913224,74725181,12.3649,169,5.73,Movie 393,"[{""id"": 16, ""name"": ""Animation""}]"
65356138,190157323,94.2118,140,8.18,Movie 394,"[{""id"": 16, ""name"": ""Animation""}]"
92959541,104249537,78.6364,164,8.5,Movie 395,"[{""id"": 35, ""name"": ""Comedy""}]"
188225564,157075991,46.7767,169,8.98,Movie 396,"[{""id"": 27, ""name"": ""Horror""}]"
193332313,298979055,86.6313,105,3.92,Movie 397,"[{""id"": 16, ""name"": ""Animation""}]"
27658609,68478410,25.6964,151,8.18,Movie 398,"[{""id"": 878, ""name"": ""Science Fiction""}]"
165241932,323109211,71.9949,84,4.6,Movie 399,"[{""id"": 53, ""name"": ""Thriller""}]"
83008891,182821858,85.7571,94,6.54,Movie 400,"[{""id"": 18, ""name"": ""Drama""}]"
49715257,48434448,36.3201,95,6.03,Movie 401,"[{""id"": 10749, ""name"": ""Romance""}]"
23268806,47639866,75.989,80,3.11,Movie 402,"[{""id"": 53, ""name"": ""Thriller""}]"
7512440,9831913,30.2122,95,8.6,Movie 403,"[{""id"": 27, ""name"": ""Horror""}]"
13431395,34730342,30.5869,116,3.47,Movie 404,"[{""id"": 16, ""name"": ""Animation""}]"
30093907,62392102,11.5987,82,7.13,Movie 405,"[{""id"": 10749, ""name"": ""Romance""}]"
108219264,107909832,44.5657,131,7.71,Movie 406,"[{""id"": 18, ""name"": ""Drama""}]"
37253447,24644708,73.2415,126,7.77,Movie 407,"[{""id"": 28, ""name"": ""Action""}]"
63134783,38296487,94.0819,174,3.81,Movie 408,"[{""id"": 53, ""name"": ""Thriller""}]"
94560813,135082146,60.7759,92,5.69,Movie 409,"[{""id"": 16, ""name"": ""Animation""}]"
197678031,230221338,86.4504,159,7.98,Movie 410,"[{""id"": 18, ""name"": ""Drama""}]"
65447435,138436070,82.427,134,4.82,Movie 411,"[{""id"": 12, ""name"": ""Adventure""}]"
50895282,88981981,18.161,100,5.81,Movie 412,"[{""id"": 10749, ""name"": ""Romance""}]"
110500886,128738857,49.0959,145,4.64,Movie 413,"[{""id"": 53, ""name"": ""Thriller""}]"
119613134,104433562,12.5754,133,5.78,Movie 414,"[{""id"": 16, ""name"": ""Animation""}]"
3503771,2866082,68.5332,106,8.33,Movie 415,"[{""id"": 28, ""name"": ""Action""}]"
71286689,189740285,95.0401,117,5.73,Movie 416,"[{""id"": 53, ""name"": ""Thriller""}]"
136213889,151019646,14.5719,169,6.34,Movie 417,"[{""id"": 10749, ""name"": ""Romance""}]"
5183839,11037827,73.6544,137,5.42,Movie 418,"[{""id"": 27, ""name"": ""Horror""}]"
68775190,173775291,63.5916,141,5.76,Movie 419,"[{""id"": 10749, ""name"": ""Romance""}]"
155370901,316211367,58.7769,125,3.09,Movie 420,"[{""id"": 12, ""name"": ""Adventure""}]"
68227698,180729241,39.6219,168,4.7,Movie 421,"[{""id"": 28, ""name"": ""Action""}]"
130027769,375852479,5.4797,151,6.8,Movie 423,"[{""id"": 35, ""name"": ""Comedy""}]"
184157310,153377719,22.573,87,5.7,Movie 424,"[{""id"": 18, ""name"": ""Drama""}]"
191442685,144610793,2.5025,176,5.03,Movie 425,"[{""id"": 27, ""name"": ""Horror""}]"
114531029,327224066,11.4795,143,4.45,Movie 427,"[{""id"": 878, ""name"": ""Science Fiction""}]"
122690425,309450851,87.4289,100,8.55,Movie 428,"[{""id"": 10749, ""name"": ""Romance""}]"
131997589,91215897,52.7912,151,6.13,Movie 429,"[{""id"": 28, ""name"": ""Action""}]"
2079600,2492232,70.2693,142,3.08,Movie 430,"[{""id"": 28, ""name"": ""Action""}]"
161409267,456109856,41.6749,164,3.12,Movie 431,"[{""id"": 878, ""name"": ""Science Fiction""}]"
167793897,190051100,56.4974,143,8.84,Movie 432,"[{""id"": 35, ""name"": ""Comedy""}]"
44381573,108864716,94.3233,99,4.33,Movie 433,"[{""id"": 878, ""name"": ""Science Fiction""}]"
160267818,410739250,9.1907,87,7.83,Movie 434,"[{""id"": 27, ""name"": ""Horror""}]"
9849851,17125248,26.1398,137,3.35,Movie 435,"[{""id"": 35, ""name"": ""Comedy""}]"
61779108,90560281,78.2188,125,8.53,Movie 436,"[{""id"": 53, ""name"": ""Thriller""}]"
96534048,156897857,10.775,110,8.25,Movie 437,"[{""id"": 28, ""name"": ""Action""}]"
67009351,71526567,8.4904,172,6.43,Movie 438,"[{""id"": 12, ""name"": ""Adventure""}]"
86871668,236593014,36.7926,88,3.05,Movie 439,"[{""id"": 28, ""name"": ""Action""}]"
93526139,152124861,10.1246,94,4.55,Movie 440,"[{""id"": 878, ""name"": ""Science Fiction""}]"
122637867,331876292,58.9228,173,5.44,Movie 441,"[{""id"": 16, ""name"": ""Animation""}]"
120193195,91855690,23.4012,105,5.76,Movie 442,"[{""id"": 18, ""name"": ""Drama""}]"
85890726,255154564,89.6741,89,4.79,Movie 443,"[{""id"": 35, ""name"": ""Comedy""}]"
99129091,159417691,78.5665,108,3.2,Movie 444,"[{""id"": 878, ""name"": ""Science Fiction""}]"
127800645,79182346,70.2708,159,6.54,Movie 445,"[{""id"": 878, ""name"": ""Science Fiction""}]"
30549535,18178641,62.0775,115,6.14,Movie 446,"[{""id"": 18, ""name"": ""Drama""}]"
135667123,320923040,86.4831,163,4.7,Movie 447,"[{""id"": 27, ""name"": ""Horror""}]"
157138845,337469629,23.0831,116,3.23,Movie 448,"[{""id"": 18, ""name"": ""Drama""}]"
52592034,40149749,79.1597,150,5.89,Movie 450,"[{""id"": 28, ""name"": ""Action""}]"
54386038,32029415,75.0679,102,7.54,Movie 451,"[{""id"": 10749, ""name"": ""Romance""}]"
166748531,244951604,25.3782,172,3.26,Movie 453,"[{""id"": 12, ""name"": ""Adventure""}]"
34266319,56706212,42.9312,159,4.86,Movie 454,"[{""id"": 878, ""name"": ""Science Fiction""}]"
165720908,493677782,79.5635,107,4.92,Movie 455,"[{""id"": 878, ""name"": ""Science Fiction""}]"
138597297,405656948,4.1461,127,8.03,Movie 456,"[{""id"": 27, ""name"": ""Horror""}]"
71009467,202788017,78.423,117,6.93,Movie 457,"[{""id"": 53, ""name"": ""Thriller""}]"
117372585,288690395,24.767,110,4.65,Movie 458,"[{""id"": 878, ""name"": ""Science Fiction""}]"
45910237,63682245,15.2866,93,8.81,Movie 459,"[{""id"": 16, ""name"": ""Animation""}]"
177383634,271455022,12.4544,176,4.93,Movie 460,"[{""id"": 12, ""name"": ""Adventure""}]"
103310007,266161304,52.8351,170,8.98,Movie 462,"[{""id"": 10749, ""name"": ""Romance""}]"
90473854,60778713,22.6077,167,4.15,Movie 463,"[{""id"": 35, ""name"": ""Comedy""}]"
7319707,11424175,98.9537,156,4.88,Movie 464,"[{""id"": 12, ""name"": ""Adventure""}]"
69532150,49127534,57.8692,169,5.92,Movie 465,"[{""id"": 10749, ""name"": ""Romance""}]"
4695961,8390010,14.6506,108,6.98,Movie 466,"[{""id"": 878, ""name"": ""Science Fiction""}]"
109880612,301869737,69.1875,130,6.17,Movie 467,"[{""id"": 53, ""name"": ""Thriller""}]"
109011636,267755722,89.8766,128,8.82,Movie 468,"[{""id"": 12, ""name"": ""Adventure""}]"
79911293,85473601,74.7728,122,7.34,Movie 469,"[{""id"": 10749, ""name"": ""Romance""}]"
101846358,299425962,8.5675,171,4.27,Movie 470,"[{""id"": 28, ""name"": ""Action""}]"
37396424,81089508,89.6925,171,3.63,Movie 471,"[{""id"": 53, ""name"": ""Thriller""}]"
5294539,2785294,79.599,151,7.13,Movie 472,"[{""id"": 27, ""name"": ""Horror""}]"
146826804,167167266,16.6721,166,3.95,Movie 473,"[{""id"": 28, ""name"": ""Action""}]"
173716665,200083944,6.1268,172,7.73,Movie 474,"[{""id"": 35, ""name"": ""Comedy""}]"
21840174,63327032,16.4475,121,4.96,Movie 476,"[{""id"": 878, ""name"": ""Science Fiction""}]"
2043233,3464584,83.6245,86,3.06,Movie 477,"[{""id"": 28, ""name"": ""Action""}]"
135747253,371884553,36.4751,121,7.21,Movie 478,"[{""id"": 35, ""name"": ""Comedy""}]"
117376111,153239062,91.3764,115,3.68,Movie 479,"[{""id"": 53, ""name"": ""Thriller""}]"
152171559,123728248,57.0031,106,7.64,Movie 480,"[{""id"": 53, ""name"": ""Thriller""}]"
129565108,218426077,19.0846,137,5.95,Movie 481,"[{""id"": 12, ""name"": ""Adventure""}]"
57996736,45521150,14.8203,125,7.71,Movie 482,"[{""id"": 16, ""name"": ""Animation""}]"
75583311,129628307,58.0708,145,6.5,Movie 483,"[{""id"": 35, ""name"": ""Comedy""}]"
72709884,203641695,76.4265,104,3.49,Movie 484,"[{""id"": 12, ""name"": ""Adventure""}]"
138917119,250317584,78.3691,152,7.59,Movie 485,"[{""id"": 878, ""name"": ""Science Fiction""}]"
192555830,171682025,21.2204,80,5.87,Movie 487,"[{""id"": 53, ""name"": ""Thriller""}]"
16192217,9866550,2.6589,166,4.03,Movie 488,"[{""id"": 16, ""name"": ""Animation""}]"
187713743,145857314,68.2407,153,7.51,Movie 489,"[{""id"": 28, ""name"": ""Action""}]"
145510386,290486594,8.5803,121,8.47,Movie 490,"[{""id"": 878, ""name"": ""Science Fiction""}]"
34698788,25591371,42.6554,131,6.32,Movie 491,"[{""id"": 18, ""name"": ""Drama""}]"
62819576,90459072,60.5665,104,6.16,Movie 492,"[{""id"": 35, ""name"": ""Comedy""}]"
126838555,186659675,31.8684,146,3.03,Movie 494,"[{""id"": 878, ""name"": ""Science Fiction""}]"
198579844,180550681,25.7274,85,8.51,Movie 495,"[{""id"": 35, ""name"": ""Comedy""}]"
136965742,162232944,65.7619,137,4.18,Movie 496,"[{""id"": 12, ""name"": ""Adventure""}]"
175928880,496259099,62.3047,149,8.9,Movie 497,"[{""id"": 28, ""name"": ""Action""}]"
185514285,406268063,33.8789,132,7.42,Movie 498,"[{""id"": 27, ""name"": ""Horror""}]"
181433853,315716603,92.8821,145,7.65,Movie 499,"[{""id"": 10749, ""name"": ""Romance""}]"
70397491,37436486,84.6414,137,6.94,Movie 500,"[{""id"": 10749, ""name"": ""Romance""}]"
158512907,472533078,23.1743,161,5.83,Movie 501,"[{""id"": 27, ""name"": ""Horror""}]"
74706383,162758115,24.6751,166,6.43,Movie 502,"[{""id"": 53, ""name"": ""Thriller""}]"
152759065,197411485,51.7177,81,3.28,Movie 503,"[{""id"": 878, ""name"": ""Science Fiction""}]"
58399769,157572601,77.5836,155,6.74,Movie 504,"[{""id"": 27, ""name"": ""Horror""}]"
155497574,178212512,5.36,101,6.76,Movie 505,"[{""id"": 878, ""name"": ""Science Fiction""}]"
146188451,271916578,69.6402,116,8.35,Movie 506,"[{""id"": 27, ""name"": ""Horror""}]"
117710653,246036088,65.1754,99,6.03,Movie 507,"[{""id"": 27, ""name"": ""Horror""}]"
107402148,113057776,23.9165,103,3.46,Movie 508,"[{""id"": 12, ""name"": ""Adventure""}]"
101952086,300350151,68.4539,163,4.84,Movie 509,"[{""id"": 12, ""name"": ""Adventure""}]"
51018037,120937224,94.0781,144,6.93,Movie 510,"[{""id"": 28, ""name"": ""Action""}]"
51166883,48684598,32.6456,160,4.68,Movie 512,"[{""id"": 53, ""name"": ""Thriller""}]"
195579233,124123483,44.3795,80,7.92,Movie 513,"[{""id"": 27, ""name"": ""Horror""}]"
47787763,62131240,90.0268,173,6.51,Movie 514,"[{""id"": 35, ""name"": ""Comedy""}]"
66732489,159021408,96.2639,82,6.05,Movie 515,"[{""id"": 12, ""name"": ""Adventure""}]"
4693305,5506787,44.9674,125,4.91,Movie 516,"[{""id"": 16, ""name"": ""Animation""}]"
14470137,26753699,75.2528,134,7.39,Movie 517,"[{""id"": 18, ""name"": ""Drama""}]"
189934912,146223155,54.2405,167,7.42,Movie 519,"[{""id"": 35, ""name"": ""Comedy""}]"
170124855,376527991,28.5319,165,3.42,Movie 520,"[{""id"": 53, ""name"": ""Thriller""}]"
145713028,106323477,22.4787,143,8.19,Movie 521,"[{""id"": 18, ""name"": ""Drama""}]"
163927107,477490869,29.5125,124,6,Movie 522,"[{""id"": 18, ""name"": ""Drama""}]"
35654999,61361730,56.0765,105,5.63,Movie 523,"[{""id"": 27, ""name"": ""Horror""}]"
28451727,24943352,3.8864,156,6.67,Movie 524,"[{""id"": 878, ""name"": ""Science Fiction""}]"
75815222,102802339,90.8176,144,6.75,Movie 525,"[{""id"": 878, ""name"": ""Science Fiction""}]"
29997889,46002996,16.4721,103,3.79,Movie 526,"[{""id"": 53, ""name"": ""Thriller""}]"
49978079,101448066,71.3014,103,8.43,Movie 529,"[{""id"": 18, ""name"": ""Drama""}]"
12726298,9733413,10.4772,107,7.91,Movie 530,"[{""id"": 27, ""name"": ""Horror""}]"
57564401,42274852,96.8988,159,7.85,Movie 532,"[{""id"": 16, ""name"": ""Animation""}]"
47673570,92626502,26.972,95,5.14,Movie 533,"[{""id"": 35, ""name"": ""Comedy""}]"
79547323,214208698,31.992,138,3.61,Movie 534,"[{""id"": 10749, ""name"": ""Romance""}]"
16033888,25405716,83.8134,160,8.77,Movie 535,"[{""id"": 878, ""name"": ""Science Fiction""}]"
196922610,373189182,46.9967,158,5.74,Movie 537,"[{""id"": 28, ""name"": ""Action""}]"
35958762,90953392,38.5821,95,5.39,Movie 538,"[{""id"": 28, ""name"": ""Action""}]"
18028708,42444629,32.3421,94,4.95,Movie 539,"[{""id"": 878, ""name"": ""Science Fiction""}]"
5035851,13615062,29.2843,177,8.89,Movie 540,"[{""id"": 28, ""name"": ""Action""}]"
48685442,58167187,10.046,90,3.81,Movie 541,"[{""id"": 12, ""name"": ""Adventure""}]"
35045504,34515779,32.1678,144,4.89,Movie 542,"[{""id"": 12, ""name"": ""Adventure""}]"
102750176,277378334,5.2622,158,5.91,Movie 543,"[{""id"": 28, ""name"": ""Action""}]"
114751207,246015202,78.3154,169,5.87,Movie 544,"[{""id"": 12, ""name"": ""Adventure""}]"
131355017,167782695,40.4246,147,5.83,Movie 545,"[{""id"": 12, ""name"": ""Adventure""}]"
83396202,196470620,44.9465,122,4.05,Movie 546,"[{""id"": 878, ""name"": ""Science Fiction""}]"
36610155,92909103,89.4659,148,3.87,Movie 547,"[{""id"": 12, ""name"": ""Adventure""}]"
103912284,211715625,66.1474,178,4.53,Movie 548,"[{""id"": 16, ""name"": ""Animation""}]"
30469068,67632503,1.7979,92,8.49,Movie 549,"[{""id"": 878, ""name"": ""Science Fiction""}]"
117346891,168762403,94.3743,89,3.68,Movie 550,"[{""id"": 28, ""name"": ""Action""}]"
165402782,305455796,24.4773,154,7.54,Movie 551,"[{""id"": 10749, ""name"": ""Romance""}]"
10702701,19376147,11.6538,161,7.55,Movie 552,"[{""id"": 53, ""name"": ""Thriller""}]"
79262145,207676289,77.0447,177,7.86,Movie 553,"[{""id"": 28, ""name"": ""Action""}]"
168345404,437682891,50.5473,120,8.32,Movie 554,"[{""id"": 27, ""name"": ""Horror""}]"
138193970,356775534,43.9433,129,4.58,Movie 555,"[{""id"": 28, ""name"": ""Action""}]"
104312086,55032869,25.7008,166,4.35,Movie 556,"[{""id"": 53, ""name"": ""Thriller""}]"
38317456,90960418,55.1997,150,5.79,Movie 557,"[{""id"": 28, ""name"": ""Action""}]"
132952729,318646605,28.1641,138,4.59,Movie 558,"[{""id"": 10749, ""name"": ""Romance""}]"
28812615,63270977,90.2567,118,7.41,Movie 559,"[{""id"": 16, ""name"": ""Animation""}]"
45653148,109141229,22.3052,82,6.82,Movie 560,"[{""id"": 10749, ""name"": ""Romance""}]"
140050905,364822233,88.5512,155,8.25,Movie 561,"[{""id"": 35, ""name"": ""Comedy""}]"
100952217,169175486,56.3811,86,3.5,Movie 562,"[{""id"": 27, ""name"": ""Horror""}]"
121794109,213763950,83.0203,128,8.49,Movie 563,"[{""id"": 18, ""name"": ""Drama""}]"
9454561,7675072,71.5718,105,4.76,Movie 564,"[{""id"": 35, ""name"": ""Comedy""}]"
46932658,68683115,69.9728,112,5.94,Movie 565,"[{""id"": 16, ""name"": ""Animation""}]"
24151417,59195109,24.1558,158,7.56,Movie 567,"[{""id"": 27, ""name"": ""Horror""}]"
40673332,42423210,21.8777,81,5.52,Movie 568,"[{""id"": 28, ""name"": ""Action""}]"
154917041,130836309,85.862,150,8.66,Movie 569,"[{""id"": 28, ""name"": ""Action""}]"
17934380,38695308,82.2223,111,8.42,Movie 570,"[{""id"": 27, ""name"": ""Horror""}]"
11617244,5863219,44.6168,83,8.23,Movie 571,"[{""id"": 878, ""name"": ""Science Fiction""}]"
169303991,160149971,14.1081,99,3.43,Movie 572,"[{""id"": 10749, ""name"": ""Romance""}]"
185451800,106204249,38.843,115,8.13,Movie 573,"[{""id"": 878, ""name"": ""Science Fiction""}]"
130195004,119416523,62.315,111,7.69,Movie 574,"[{""id"": 18, ""name"": ""Drama""}]"
138587448,132115164,45.9859,107,3.62,Movie 575,"[{""id"": 35, ""name"": ""Comedy""}]"
3640328,5348311,78.2387,156,3.64,Movie 576,"[{""id"": 53, ""name"": ""Thriller""}]"
26856919,40441626,99.7647,80,3.61,Movie 577,"[{""id"": 27, ""name"": ""Horror""}]"
58658082,157535440,19.9221,139,3.07,Movie 578,"[{""id"": 16, ""name"": ""Animation""}]"
190613154,338390629,46.5054,135,6.29,Movie 579,"[{""id"": 18, ""name"": ""Drama""}]"
162566703,375287170,43.6674,114,8.84,Movie 580,"[{""id"": 12, ""name"": ""Adventure""}]"
12552291,9544051,31.1448,109,5.63,Movie 581,"[{""id"": 35, ""name"": ""Comedy""}]"
114442790,258338416,7.5035,115,8.81,Movie 583,"[{""id"": 53, ""name"": ""Thriller""}]"
78498463,49611805,88.8248,134,4.53,Movie 584,"[{""id"": 10749, ""name"": ""Romance""}]"
122562775,210378286,42.565,168,8.15,Movie 585,"[{""id"": 35, ""name"": ""Comedy""}]"
198193764,396074860,50.1927,159,6.28,Movie 586,"[{""id"": 16, ""name"": ""Animation""}]"
4741196,9507824,91.7773,137,6.42,Movie 587,"[{""id"": 16, ""name"": ""Animation""}]"
20511512,11431722,77.8528,162,5.06,Movie 588,"[{""id"": 12, ""name"": ""Adventure""}]"
175478184,229046411,13.9196,144,6.37,Movie 589,"[{""id"": 16, ""name"": ""Animation""}]"
12720477,26601400,56.9766,148,3.44,Movie 590,"[{""id"": 35, ""name"": ""Comedy""}]"
119338832,104123052,44.783,130,7.59,Movie 591,"[{""id"": 16, ""name"": ""Animation""}]"
148435376,332278396,79.9239,101,4.71,Movie 592,"[{""id"": 35, ""name"": ""Comedy""}]"
60946863,180093285,69.3502,132,5.21,Movie 594,"[{""id"": 18, ""name"": ""Drama""}]"
63784216,65353625,34.7139,179,3.86,Movie 595,"[{""id"": 12, ""name"": ""Adventure""}]"
33425301,85663252,80.6914,115,7.18,Movie 596,"[{""id"": 35, ""name"": ""Comedy""}]"
89146618,160530009,6.1867,147,3.99,Movie 597,"[{""id"": 27, ""name"": ""Horror""}]"
161996370,232247147,16.8029,115,7.52,Movie 598,"[{""id"": 10749, ""name"": ""Romance""}]"
61995760,49964980,34.2267,131,8.81,Movie 599,"[{""id"": 12, ""name"": ""Adventure""}]"
47547339,111202005,8.6039,132,7.68,Movie 600,"[{""id"": 18, ""name"": ""Drama""}]"
131489576,187840091,83.1849,129,6.6,Movie 602,"[{""id"": 18, ""name"": ""Drama""}]"
124637835,312020511,31.1556,120,7.95,Movie 604,"[{""id"": 12, ""name"": ""Adventure""}]"
183128904,442525742,27.1871,97,3.34,Movie 605,"[{""id"": 27, ""name"": ""Horror""}]"
83896667,104754114,28.4942,145,6.21,Movie 607,"[{""id"": 28, ""name"": ""Action""}]"
54953229,51309840,4.5571,100,4.01,Movie 608,"[{""id"": 35, ""name"": ""Comedy""}]"
57294783,119968581,92.7647,179,4.93,Movie 609,"[{""id"": 53, ""name"": ""Thriller""}]"
194363507,338273349,22.1561,123,5.64,Movie 610,"[{""id"": 53, ""name"": ""Thriller""}]"
47977874,45369372,42.5804,126,8,Movie 611,"[{""id"": 35, ""name"": ""Comedy""}]"
30365614,67253099,1.959,118,8.58,Movie 612,"[{""id"": 18, ""name"": ""Drama""}]"
90268367,268802594,85.9376,108,6.77,Movie 613,"[{""id"": 12, ""name"": ""Adventure""}]"
126430852,297108199,94.7288,169,4.52,Movie 615,"[{""id"": 18, ""name"": ""Drama""}]"
186588834,536588788,78.3799,164,8.89,Movie 616,"[{""id"": 53, ""name"": ""Thriller""}]"
172544971,173811609,32.0569,96,8.9,Movie 617,"[{""id"": 12, ""name"": ""Adventure""}]"
70426200,134786937,25.5395,159,8.55,Movie 618,"[{""id"": 28, ""name"": ""Action""}]"
109352980,322494709,70.0739,139,7.71,Movie 619,"[{""id"": 12, ""name"": ""Adventure""}]"
11198499,10226864,37.0472,110,4.95,Movie 620,"[{""id"": 27, ""name"": ""Horror""}]"
38342772,86295389,57.0553,152,7.9,Movie 621,"[{""id"": 28, ""name"": ""Action""}]"
179580630,352790702,1.6195,174,5.45,Movie 622,"[{""id"": 10749, ""name"": ""Romance""}]"
135415503,266253654,7.1267,157,4.96,Movie 623,"[{""id"": 10749, ""name"": ""Romance""}]"
171158648,384110227,54.0014,128,7.47,Movie 624,"[{""id"": 12, ""name"": ""Adventure""}]"
124291756,351005177,57.0411,81,3.48,Movie 625,"[{""id"": 35, ""name"": ""Comedy""}]"
158832377,390164562,75.3938,127,3.29,Movie 626,"[{""id"": 27, ""name"": ""Horror""}]"
18310852,11725175,14.0646,93,5.69,Movie 627,"[{""id"": 28, ""name"": ""Action""}]"
198206748,210862907,20.2503,176,8.37,Movie 629,"[{""id"": 16, ""name"": ""Animation""}]"
165991210,239406700,10.2264,178,3.76,Movie 630,"[{""id"": 28, ""name"": ""Action""}]"
79733130,131905071,41.6391,137,3.74,Movie 631,"[{""id"": 28, ""name"": ""Action""}]"
134796590,229459517,17.1703,137,3.88,Movie 632,"[{""id"": 27, ""name"": ""Horror""}]"
78273675,124294760,22.9564,130,3.18,Movie 633,"[{""id"": 878, ""name"": ""Science Fiction""}]"
3276360,9315947,32.4379,163,3.43,Movie 634,"[{""id"": 27, ""name"": ""Horror""}]"
50437769,114243943,26.6795,81,6.96,Movie 635,"[{""id"": 878, ""name"": ""Science Fiction""}]"
106071545,220408886,9.6715,120,5.59,Movie 636,"[{""id"": 16, ""name"": ""Animation""}]"
166883132,104236050,9.9017,162,7.58,Movie 637,"[{""id"": 16, ""name"": ""Animation""}]"
112586533,310714436,20.1317,161,8.96,Movie 638,"[{""id"": 35, ""name"": ""Comedy""}]"
93800518,260153436,6.0054,95,6.95,Movie 639,"[{""id"": 27, ""name"": ""Horror""}]"
58849484,144212582,63.0192,83,3.3,Movie 640,"[{""id"": 28, ""name"": ""Action""}]"
151652071,78491018,29.4453,91,3.63,Movie 641,"[{""id"": 878, ""name"": ""Science Fiction""}]"
45079273,28995016,28.6949,108,8.29,Movie 642,"[{""id"": 10749, ""name"": ""Romance""}]"
93992904,99920026,33.8678,86,6.16,Movie 643,"[{""id"": 27, ""name"": ""Horror""}]"
73571674,110143422,87.1928,91,8.14,Movie 645,"[{""id"": 28, ""name"": ""Action""}]"
81497273,228726794,76.1496,178,8.57,Movie 646,"[{""id"": 18, ""name"": ""Drama""}]"
93792001,157584732,73.0254,84,8.7,Movie 647,"[{""id"": 28, ""name"": ""Action""}]"
81954884,43723468,48.9547,160,6.33,Movie 648,"[{""id"": 28, ""name"": ""Action""}]"
58235484,70282322,69.6868,111,5.05,Movie 649,"[{""id"": 53, ""name"": ""Thriller""}]"
96939748,59277421,55.7235,153,8.77,Movie 650,"[{""id"": 53, ""name"": ""Thriller""}]"
197400549,116608266,22.4088,122,6.28,Movie 651,"[{""id"": 10749, ""name"": ""Romance""}]"
81768647,97247421,21.6502,160,3.39,Movie 652,"[{""id"": 10749, ""name"": ""Romance""}]"
24020885,28561573,30.3428,148,6.86,Movie 653,"[{""id"": 53, ""name"": ""Thriller""}]"
2286643,5643015,91.1695,124,6.53,Movie 654,"[{""id"": 53, ""name"": ""Thriller""}]"
42869822,125912381,55.1941,88,8.37,Movie 655,"[{""id"": 53, ""name"": ""Thriller""}]"
141418374,201947946,73.6566,128,6.92,Movie 656,"[{""id"": 12, ""name"": ""Adventure""}]"
127223660,200023226,35.3093,112,5.09,Movie 657,"[{""id"": 10749, ""name"": ""Romance""}]"
15509187,40509586,41.3639,179,8.8,Movie 658,"[{""id"": 10749, ""name"": ""Romance""}]"
162998627,190765043,13.431,179,7.81,Movie 659,"[{""id"": 878, ""name"": ""Science Fiction""}]"
89825083,236484657,82.9083,88,4.76,Movie 661,"[{""id"": 878, ""name"": ""Science Fiction""}]"
91197406,56200535,58.899,141,5.24,Movie 662,"[{""id"": 10749, ""name"": ""Romance""}]"
190695762,390783023,34.4157,136,7.02,Movie 663,"[{""id"": 12, ""name"": ""Adventure""}]"
117595132,224016623,80.4823,108,3.43,Movie 664,"[{""id"": 10749, ""name"": ""Romance""}]"
13831595,18877376,25.4055,157,4.54,Movie 665,"[{""id"": 16, ""name"": ""Animation""}]"
76524262,98561244,97.6272,104,7.28,Movie 666,"[{""id"": 10749, ""name"": ""Romance""}]"
135666073,329620303,35.1369,94,5.88,Movie 667,"[{""id"": 878, ""name"": ""Science Fiction""}]"
77246546,55313279,34.3938,85,5.41,Movie 668,"[{""id"": 18, ""name"": ""Drama""}]"
16814828,18361132,31.8793,121,3.91,Movie 669,"[{""id"": 18, ""name"": ""Drama""}]"
49763532,116004855,13.089,108,5.65,Movie 670,"[{""id"": 28, ""name"": ""Action""}]"
130716977,244545511,12.0026,158,7.62,Movie 671,"[{""id"": 10749, ""name"": ""Romance""}]"
134833947,110559861,65.1624,172,4.58,Movie 672,"[{""id"": 27, ""name"": ""Horror""}]"
39538877,106966067,87.6367,83,3.03,Movie 673,"[{""id"": 27, ""name"": ""Horror""}]"
74851335,111050908,79.2615,161,7.01,Movie 674,"[{""id"": 12, ""name"": ""Adventure""}]"
104982440,259231305,55.0126,128,6.64,Movie 676,"[{""id"": 27, ""name"": ""Horror""}]"
90630668,186795572,11.4536,123,3.72,Movie 677,"[{""id"": 28, ""name"": ""Action""}]"
106967805,185717805,5.4842,159,4.92,Movie 678,"[{""id"": 53, ""name"": ""Thriller""}]"
109331512,322405192,65.9822,154,8.21,Movie 679,"[{""id"": 16, ""name"": ""Animation""}]"
173721659,149819761,53.9801,93,4.4,Movie 680,"[{""id"": 878, ""name"": ""Science Fiction""}]"
154382256,357069070,9.1203,82,6.65,Movie 681,"[{""id"": 878, ""name"": ""Science Fiction""}]"
88580056,86629235,4.459,141,5.42,Movie 682,"[{""id"": 878, ""name"": ""Science Fiction""}]"
122848736,165312355,98.9859,143,4.25,Movie 683,"[{""id"": 878, ""name"": ""Science Fiction""}]"
156030437,198431218,3.9721,124,7.88,Movie 684,"[{""id"": 878, ""name"": ""Science Fiction""}]"
111477445,319671603,45.0083,161,7.46,Movie 685,"[{""id"": 18, ""name"": ""Drama""}]"
53203051,155267275,50.9573,137,6.97,Movie 686,"[{""id"": 878, ""name"": ""Science Fiction""}]"
174519532,167109190,12.6107,99,4.42,Movie 687,"[{""id"": 18, ""name"": ""Drama""}]"
140066015,77748950,17.7371,137,3.59,Movie 688,"[{""id"": 16, ""name"": ""Animation""}]"
186370428,428655730,35.8287,168,6.46,Movie 689,"[{""id"": 12, ""name"": ""Adventure""}]"
44750190,69137917,76.4059,136,6.32,Movie 690,"[{""id"": 28, ""name"": ""Action""}]"
70334164,50788342,51.2012,156,4.13,Movie 691,"[{""id"": 27, ""name"": ""Horror""}]"
187404943,414049719,64.1523,147,3.34,Movie 692,"[{""id"": 878, ""name"": ""Science Fiction""}]"
119975349,223485739,98.5323,157,3.48,Movie 693,"[{""id"": 53, ""name"": ""Thriller""}]"
190475579,562149062,77.0325,176,8.96,Movie 694,"[{""id"": 35, ""name"": ""Comedy""}]"
49518372,52911556,44.0018,171,7.7,Movie 695,"[{""id"": 878, ""name"": ""Science Fiction""}]"
13842659,20901649,45.1978,131,8.53,Movie 696,"[{""id"": 16, ""name"": ""Animation""}]"
34978002,64931921,62.2584,116,4.17,Movie 697,"[{""id"": 18, ""name"": ""Drama""}]"
137590867,341122153,66.8712,87,8.76,Movie 698,"[{""id"": 18, ""name"": ""Drama""}]"
56553464,105873550,50.5704,123,3.86,Movie 699,"[{""id"": 35, ""name"": ""Comedy""}]"
100204497,203640629,64.8413,177,6.05,Movie 700,"[{""id"": 12, ""name"": ""Adventure""}]"
178018926,189655601,3.3297,84,7.98,Movie 701,"[{""id"": 53, ""name"": ""Thriller""}]"
19892008,52063289,43.5327,148,5.1,Movie 702,"[{""id"": 12, ""name"": ""Adventure""}]"
126881648,199404199,28.6149,110,5.55,Movie 703,"[{""id"": 18, ""name"": ""Drama""}]"
36427853,31051067,13.7883,124,3.77,Movie 704,"[{""id"": 28, ""name"": ""Action""}]"
192100046,415026345,10.8551,88,3.74,Movie 705,"[{""id"": 35, ""name"": ""Comedy""}]"
74190814,77175223,60.716,111,6.72,Movie 706,"[{""id"": 35, ""name"": ""Comedy""}]"
11986868,8917106,52.8365,112,7.05,Movie 707,"[{""id"": 35, ""name"": ""Comedy""}]"
41480309,110128862,26.1048,146,7.66,Movie 708,"[{""id"": 16, ""name"": ""Animation""}]"
94691765,156279825,47.6241,109,6.34,Movie 709,"[{""id"": 35, ""name"": ""Comedy""}]"
40521538,96166090,49.731,155,6.87,Movie 710,"[{""id"": 27, ""name"": ""Horror""}]"
113347791,139017540,20.3059,108,3.08,Movie 711,"[{""id"": 53, ""name"": ""Thriller""}]"
196190712,484085933,65.5572,82,3.97,Movie 712,"[{""id"": 18, ""name"": ""Drama""}]"
173891082,135607189,78.311,169,8.91,Movie 713,"[{""id"": 12, ""name"": ""Adventure""}]"
133985867,186231436,79.3549,136,3.46,Movie 714,"[{""id"": 12, ""name"": ""Adventure""}]"
92063625,271141603,60.6445,109,7.07,Movie 715,"[{""id"": 12, ""name"": ""Adventure""}]"
56454431,140287809,51.6522,88,4.06,Movie 716,"[{""id"": 878, ""name"": ""Science Fiction""}]"
66557447,116018936,7.0397,105,7.3,Movie 717,"[{""id"": 28, ""name"": ""Action""}]"
84845477,114494192,29.4953,81,7.24,Movie 718,"[{""id"": 18, ""name"": ""Drama""}]"
191078359,355810718,96.4185,82,4.62,Movie 720,"[{""id"": 10749, ""name"": ""Romance""}]"
100471732,240736553,14.3729,125,6.93,Movie 721,"[{""id"": 12, ""name"": ""Adventure""}]"
118601287,282895997,16.0258,147,5.34,Movie 722,"[{""id"": 878, ""name"": ""Science Fiction""}]"
192898745,105103619,89.0681,104,4.17,Movie 723,"[{""id"": 18, ""name"": ""Drama""}]"
3667867,2991638,94.4489,130,7.39,Movie 724,"[{""id"": 10749, ""name"": ""Romance""}]"
94837987,203813796,76.8171,92,3.92,Movie 725,"[{""id"": 12, ""name"": ""Adventure""}]"
113521305,102628882,1.5351,123,8.13,Movie 726,"[{""id"": 10749, ""name"": ""Romance""}]"
57987271,66032040,1.1333,114,6.09,Movie 727,"[{""id"": 27, ""name"": ""Horror""}]"
176459001,505836469,38.432,134,3.63,Movie 728,"[{""id"": 27, ""name"": ""Horror""}]"
91864817,218346480,2.8202,88,6.11,Movie 730,"[{""id"": 16, ""name"": ""Animation""}]"
69452891,131609884,46.9426,81,4.79,Movie 731,"[{""id"": 18, ""name"": ""Drama""}]"
66432283,124977993,94.3631,140,5.54,Movie 732,"[{""id"": 28, ""name"": ""Action""}]"
159461992,117265123,33.0581,120,4.79,Movie 733,"[{""id"": 27, ""name"": ""Horror""}]"
43734307,59441832,66.4529,123,4.58,Movie 734,"[{""id"": 18, ""name"": ""Drama""}]"
68606426,82744649,65.5713,143,3.98,Movie 735,"[{""id"": 27, ""name"": ""Horror""}]"
46791733,69103009,25.8569,110,5.18,Movie 736,"[{""id"": 53, ""name"": ""Thriller""}]"
139795966,348911225,65.3921,126,4.51,Movie 737,"[{""id"": 35, ""name"": ""Comedy""}]"
156032720,223100524,22.0211,81,7.1,Movie 738,"[{""id"": 10749, ""name"": ""Romance""}]"
156506676,233735439,70.4369,161,6.01,Movie 740,"[{""id"": 10749, ""name"": ""Romance""}]"
6562067,4813406,12.2306,156,7.67,Movie 741,"[{""id"": 27, ""name"": ""Horror""}]"
174009356,278881383,99.694,148,8.05,Movie 742,"[{""id"": 16, ""name"": ""Animation""}]"
91012399,90013372,19.1618,137,6.48,Movie 743,"[{""id"": 27, ""name"": ""Horror""}]"
162563548,157167777,59.82,123,6.71,Movie 744,"[{""id"": 12, ""name"": ""Adventure""}]"
36154828,26577061,41.7261,153,4.7,Movie 745,"[{""id"": 28, ""name"": ""Action""}]"
155306093,216135985,13.5123,135,8.37,Movie 746,"[{""id"": 27, ""name"": ""Horror""}]"
59842658,143245652,3.7565,122,3.15,Movie 747,"[{""id"": 35, ""name"": ""Comedy""}]"
44109628,52539164,62.6505,168,5.09,Movie 748,"[{""id"": 18, ""name"": ""Drama""}]"
14021573,17959850,80.869,113,7.33,Movie 749,"[{""id"": 53, ""name"": ""Thriller""}]"
53827729,113398157,84.3596,109,3.48,Movie 750,"[{""id"": 12, ""name"": ""Adventure""}]"
179838386,177968432,48.7886,150,4.1,Movie 751,"[{""id"": 35, ""name"": ""Comedy""}]"
165151551,452910758,77.9681,149,6.54,Movie 752,"[{""id"": 12, ""name"": ""Adventure""}]"
81155332,146118252,67.6119,134,6.36,Movie 753,"[{""id"": 12, ""name"": ""Adventure""}]"
190736856,308804371,72.7012,146,7.43,Movie 754,"[{""id"": 16, ""name"": ""Animation""}]"
186727425,353764532,49.7673,92,7.88,Movie 755,"[{""id"": 35, ""name"": ""Comedy""}]"
87966281,80496693,63.7078,82,3.77,Movie 756,"[{""id"": 27, ""name"": ""Horror""}]"
8136029,16546102,80.7471,105,3.11,Movie 757,"[{""id"": 35, ""name"": ""Comedy""}]"
172086852,472028358,80.7919,103,4.81,Movie 759,"[{""id"": 12, ""name"": ""Adventure""}]"
156714551,277012990,17.4242,149,3.9,Movie 761,"[{""id"": 28, ""name"": ""Action""}]"
7285088,14535801,3.4437,122,5.81,Movie 762,"[{""id"": 878, ""name"": ""Science Fiction""}]"
119550901,69753049,36.9126,139,6.03,Movie 763,"[{""id"": 35, ""name"": ""Comedy""}]"
185125585,260885048,55.1229,137,6.51,Movie 764,"[{""id"": 35, ""name"": ""Comedy""}]"
110164720,256858748,84.1422,128,6.08,Movie 765,"[{""id"": 27, ""name"": ""Horror""}]"
8468810,21603458,13.6211,121,5.97,Movie 766,"[{""id"": 10749, ""name"": ""Romance""}]"
136852884,175569247,80.2204,155,5,Movie 767,"[{""id"": 16, ""name"": ""Animation""}]"
26301054,65660138,86.4379,179,3.43,Movie 768,"[{""id"": 35, ""name"": ""Comedy""}]"
140218773,370483916,85.3078,90,5.6,Movie 770,"[{""id"": 878, ""name"": ""Science Fiction""}]"
128212314,301212501,72.957,169,6.1,Movie 772,"[{""id"": 28, ""name"": ""Action""}]"
29267184,38022962,78.6922,97,4.83,Movie 773,"[{""id"": 35, ""name"": ""Comedy""}]"
111933452,332558760,99.4471,164,7.13,Movie 774,"[{""id"": 28, ""name"": ""Action""}]"
5345760,9159411,60.9426,179,8.18,Movie 775,"[{""id"": 28, ""name"": ""Action""}]"
134973601,108800160,31.4808,131,4.79,Movie 776,"[{""id"": 16, ""name"": ""Animation""}]"
159148712,368105220,83.9156,125,4.16,Movie 777,"[{""id"": 878, ""name"": ""Science Fiction""}]"
172023458,224925487,61.8341,123,3.7,Movie 778,"[{""id"": 35, ""name"": ""Comedy""}]"
39019582,116773723,58.5383,101,6.7,Movie 779,"[{""id"": 12, ""name"": ""Adventure""}]"
101532608,299465974,26.1099,132,5.66,Movie 780,"[{""id"": 12, ""name"": ""Adventure""}]"
59720660,127822221,75.8771,138,4.13,Movie 781,"[{""id"": 878, ""name"": ""Science Fiction""}]"
56229238,46364724,9.0851,173,6.92,Movie 782,"[{""id"": 35, ""name"": ""Comedy""}]"
19100699,42349162,92.5044,109,3.89,Movie 783,"[{""id"": 10749, ""name"": ""Romance""}]"
2722320,1994306,33.2565,87,6.33,Movie 784,"[{""id"": 16, ""name"": ""Animation""}]"
148516100,85160675,13.6497,177,6.16,Movie 785,"[{""id"": 16, ""name"": ""Animation""}]"
164920642,421767409,44.7943,136,7.41,Movie 786,"[{""id"": 27, ""name"": ""Horror""}]"
98278998,100675272,5.2045,152,3.33,Movie 787,"[{""id"": 18, ""name"": ""Drama""}]"
82550308,119497169,68.778,99,8.33,Movie 788,"[{""id"": 28, ""name"": ""Action""}]"
166875252,489552494,90.3678,104,7.22,Movie 789,"[{""id"": 12, ""name"": ""Adventure""}]"
32206052,43223782,83.889,98,4.3,Movie 790,"[{""id"": 28, ""name"": ""Action""}]"
31413513,38991220,13.6096,84,4.1,Movie 791,"[{""id"": 10749, ""name"": ""Romance""}]"
160546825,448811860,13.5008,154,5.59,Movie 792,"[{""id"": 27, ""name"": ""Horror""}]"
57024141,136798406,92.5012,151,8.06,Movie 794,"[{""id"": 16, ""name"": ""Animation""}]"
76356616,226791665,46.6063,162,6.12,Movie 795,"[{""id"": 18, ""name"": ""Drama""}]"
18864557,51938653,50.3981,166,8.16,Movie 796,"[{""id"": 53, ""name"": ""Thriller""}]"
7195200,15319802,32.5079,106,3.03,Movie 797,"[{""id"": 27, ""name"": ""Horror""}]"
72086130,92641633,89.5322,119,3.21,Movie 798,"[{""id"": 53, ""name"": ""Thriller""}]"
107222252,121783564,64.8454,175,8.47,Movie 799,"[{""id"": 53, ""name"": ""Thriller""}]"
188581132,480530703,29.5369,105,7.65,Movie 800,"[{""id"": 18, ""name"": ""Drama""}]"
85729603,231431759,30.5795,106,5.7,Movie 801,"[{""id"": 35, ""name"": ""Comedy""}]"
177707005,322287164,89.2288,141,7.52,Movie 802,"[{""id"": 12, ""name"": ""Adventure""}]"
14832640,16476835,2.3498,162,8.73,Movie 803,"[{""id"": 12, ""name"": ""Adventure""}]"
81197726,186567496,15.6735,108,7.56,Movie 806,"[{""id"": 27, ""name"": ""Horror""}]"
96282726,149266803,10.1178,118,4.01,Movie 807,"[{""id"": 10749, ""name"": ""Romance""}]"
88220897,243789599,81.7124,139,8,Movie 808,"[{""id"": 16, ""name"": ""Animation""}]"
167261173,392926309,89.546,120,4.17,Movie 809,"[{""id"": 18, ""name"": ""Drama""}]"
96856757,94740538,82.537,112,8.36,Movie 810,"[{""id"": 12, ""name"": ""Adventure""}]"
82052418,166931012,89.98,162,5.75,Movie 811,"[{""id"": 16, ""name"": ""Animation""}]"
87601594,139178227,55.7581,162,7.06,Movie 812,"[{""id"": 28, ""name"": ""Action""}]"
17689088,41483968,39.0202,95,3.56,Movie 814,"[{""id"": 18, ""name"": ""Drama""}]"
131883819,331752388,66.9605,102,4.74,Movie 815,"[{""id"": 18, ""name"": ""Drama""}]"
112274973,292963950,98.8947,86,8.9,Movie 816,"[{""id"": 10749, ""name"": ""Romance""}]"
8102173,9195457,23.347,105,8.76,Movie 817,"[{""id"": 35, ""name"": ""Comedy""}]"
180606266,104352313,39.6001,175,4.92,Movie 818,"[{""id"": 12, ""name"": ""Adventure""}]"
123332984,289615056,48.5247,91,8.98,Movie 819,"[{""id"": 878, ""name"": ""Science Fiction""}]"
118922192,91077668,14.6635,151,8.07,Movie 820,"[{""id"": 16, ""name"": ""Animation""}]"
39720111,51131658,9.0228,84,6.67,Movie 821,"[{""id"": 10749, ""name"": ""Romance""}]"
183733566,93620122,83.1426,171,3.24,Movie 822,"[{""id"": 53, ""name"": ""Thriller""}]"
124620654,274685568,97.7026,148,8.41,Movie 823,"[{""id"": 16, ""name"": ""Animation""}]"
196574678,180422142,41.0678,128,6.34,Movie 824,"[{""id"": 28, ""name"": ""Action""}]"
23064334,49316297,9.6773,105,8.21,Movie 825,"[{""id"": 878, ""name"": ""Science Fiction""}]"
149899044,446602697,7.5154,84,8.01,Movie 826,"[{""id"": 28, ""name"": ""Action""}]"
62681549,42728581,89.2405,101,8,Movie 827,"[{""id"": 10749, ""name"": ""Romance""}]"
110367730,149101310,32.6827,92,4.75,Movie 829,"[{""id"": 16, ""name"": ""Animation""}]"
121907878,325002292,48.1697,107,5.02,Movie 830,"[{""id"": 35, ""name"": ""Comedy""}]"
63468859,88916352,49.4145,102,3.12,Movie 832,"[{""id"": 35, ""name"": ""Comedy""}]"
185523489,124535149,86.0961,176,6.5,Movie 833,"[{""id"": 16, ""name"": ""Animation""}]"
164584805,396301814,59.6378,97,7.19,Movie 834,"[{""id"": 12, ""name"": ""Adventure""}]"
196798321,299284167,69.7707,109,8.12,Movie 835,"[{""id"": 18, ""name"": ""Drama""}]"
118758049,284796270,37.1024,105,3.84,Movie 836,"[{""id"": 10749, ""name"": ""Romance""}]"
51011985,140743067,74.1121,95,6.27,Movie 837,"[{""id"": 53, ""name"": ""Thriller""}]"
75062621,81210840,66.9951,156,3.05,Movie 838,"[{""id"": 12, ""name"": ""Adventure""}]"
123415538,310820807,12.8366,118,3.57,Movie 839,"[{""id"": 28, ""name"": ""Action""}]"
126235646,81767211,57.6916,112,3.33,Movie 840,"[{""id"": 28, ""name"": ""Action""}]"
168061473,461684776,26.4176,105,7.35,Movie 841,"[{""id"": 35, ""name"": ""Comedy""}]"
154568563,328755179,80.6055,127,3.49,Movie 842,"[{""id"": 10749, ""name"": ""Romance""}]"
61084389,164046207,43.1678,144,7.3,Movie 843,"[{""id"": 10749, ""name"": ""Romance""}]"
58597408,29326303,99.4737,117,4.5,Movie 844,"[{""id"": 53, ""name"": ""Thriller""}]"
145538583,134288839,10.1575,81,8.27,Movie 845,"[{""id"": 35, ""name"": ""Comedy""}]"
153347982,226096029,78.2544,85,7.88,Movie 846,"[{""id"": 12, ""name"": ""Adventure""}]"
93525563,135495838,67.6965,125,8.75,Movie 847,"[{""id"": 878, ""name"": ""Science Fiction""}]"
102370985,109212024,76.9824,129,8.3,Movie 848,"[{""id"": 27, ""name"": ""Horror""}]"
52628164,43266759,49.7134,167,8.15,Movie 850,"[{""id"": 53, ""name"": ""Thriller""}]"
95804867,146763746,79.8543,97,7.16,Movie 851,"[{""id"": 12, ""name"": ""Adventure""}]"
94831305,237636422,24.0216,106,4.02,Movie 852,"[{""id"": 27, ""name"": ""Horror""}]"
128094160,217462273,23.3773,120,4.63,Movie 853,"[{""id"": 12, ""name"": ""Adventure""}]"
82251088,44826861,55.554,151,4.28,Movie 854,"[{""id"": 35, ""name"": ""Comedy""}]"
36409403,56566016,52.8328,171,6.62,Movie 855,"[{""id"": 27, ""name"": ""Horror""}]"
17045907,9681010,28.944,153,6.02,Movie 856,"[{""id"": 53, ""name"": ""Thriller""}]"
197972612,162067289,28.5067,141,8.72,Movie 858,"[{""id"": 10749, ""name"": ""Romance""}]"
183676001,416801404,77.3797,108,5.43,Movie 859,"[{""id"": 28, ""name"": ""Action""}]"
150951937,442582144,65.5382,137,6.04,Movie 860,"[{""id"": 16, ""name"": ""Animation""}]"
70800140,181609271,83.4093,149,8.83,Movie 861,"[{""id"": 878, ""name"": ""Science Fiction""}]"
37081386,96361628,47.9423,101,7.75,Movie 863,"[{""id"": 18, ""name"": ""Drama""}]"
74658410,220578028,7.6027,85,4.35,Movie 864,"[{""id"": 16, ""name"": ""Animation""}]"
125825546,258365299,5.7611,105,7.09,Movie 865,"[{""id"": 12, ""name"": ""Adventure""}]"
58395058,110831602,30.2708,118,4.52,Movie 866,"[{""id"": 16, ""name"": ""Animation""}]"
161045166,333459359,93.3219,91,8.3,Movie 867,"[{""id"": 12, ""name"": ""Adventure""}]"
17663288,32353662,52.7981,178,6.37,Movie 868,"[{""id"": 10749, ""name"": ""Romance""}]"
98148566,204906995,27.9069,93,4.12,Movie 869,"[{""id"": 10749, ""name"": ""Romance""}]"
14081782,22877340,40.5175,101,4.35,Movie 870,"[{""id"": 16, ""name"": ""Animation""}]"
96632207,101087720,60.2609,130,5.96,Movie 871,"[{""id"": 53, ""name"": ""Thriller""}]"
116546206,93308998,65.642,102,8.77,Movie 872,"[{""id"": 878, ""name"": ""Science Fiction""}]"
109664778,73568872,16.238,127,7.62,Movie 873,"[{""id"": 18, ""name"": ""Drama""}]"
60387253,69945918,97.7261,150,5.93,Movie 874,"[{""id"": 18, ""name"": ""Drama""}]"
44669391,27485474,54.9325,129,5.03,Movie 875,"[{""id"": 10749, ""name"": ""Romance""}]"
69181511,132685084,14.4331,168,6.3,Movie 876,"[{""id"": 878, ""name"": ""Science Fiction""}]"
143452407,367429960,8.3892,164,7.7,Movie 878,"[{""id"": 27, ""name"": ""Horror""}]"
158458712,108639638,90.8658,89,4.95,Movie 879,"[{""id"": 10749, ""name"": ""Romance""}]"
94580482,100811324,99.66,134,7.33,Movie 880,"[{""id"": 18, ""name"": ""Drama""}]"
157601538,366520558,70.3427,88,6.95,Movie 881,"[{""id"": 28, ""name"": ""Action""}]"
66438362,132678786,77.2743,158,8.75,Movie 882,"[{""id"": 27, ""name"": ""Horror""}]"
183784092,121523220,34.393,131,8.59,Movie 883,"[{""id"": 28, ""name"": ""Action""}]"
153945311,414589908,94.2161,81,7.74,Movie 884,"[{""id"": 28, ""name"": ""Action""}]"
170373756,458842831,53.4417,104,7.34,Movie 885,"[{""id"": 10749, ""name"": ""Romance""}]"
21568697,28600523,73.5065,92,4.64,Movie 886,"[{""id"": 16, ""name"": ""Animation""}]"
157118066,212268802,92.4867,177,8.08,Movie 887,"[{""id"": 10749, ""name"": ""Romance""}]"
176529362,524746043,97.5428,130,5.57,Movie 888,"[{""id"": 53, ""name"": ""Thriller""}]"
40902996,84482701,83.4872,137,4.63,Movie 889,"[{""id"": 10749, ""name"": ""Romance""}]"
189699652,346826223,30.9987,113,5.3,Movie 890,"[{""id"": 10749, ""name"": ""Romance""}]"
140941329,365796371,96.6882,114,8.02,Movie 891,"[{""id"": 28, ""name"": ""Action""}]"
123794587,150190792,63.1838,82,3.89,Movie 892,"[{""id"": 35, ""name"": ""Comedy""}]"
151835881,238831233,93.1336,138,5.74,Movie 893,"[{""id"": 878, ""name"": ""Science Fiction""}]"
137600085,160915275,67.9344,149,5.95,Movie 894,"[{""id"": 18, ""name"": ""Drama""}]"
113539028,280770902,31.4167,127,3.22,Movie 895,"[{""id"": 28, ""name"": ""Action""}]"
100981544,216813704,55.4967,98,7.96,Movie 897,"[{""id"": 28, ""name"": ""Action""}]"
187794507,212352042,79.2115,146,7.98,Movie 898,"[{""id"": 18, ""name"": ""Drama""}]"
81890201,86030835,32.4803,161,4.75,Movie 899,"[{""id"": 18, ""name"": ""Drama""}]"
83537517,143762768,58.3934,152,8.25,Movie 900,"[{""id"": 12, ""name"": ""Adventure""}]"
17099248,40079173,35.2169,155,7.63,Movie 901,"[{""id"": 18, ""name"": ""Drama""}]"
15677069,28424084,81.7612,84,5.51,Movie 902,"[{""id"": 53, ""name"": ""Thriller""}]"
76589337,44545445,47.2061,146,7.49,Movie 903,"[{""id"": 12, ""name"": ""Adventure""}]"
13433196,35885154,8.5956,90,8.77,Movie 904,"[{""id"": 10749, ""name"": ""Romance""}]"
40010202,26475440,17.4392,173,5.75,Movie 905,"[{""id"": 53, ""name"": ""Thriller""}]"
169844360,490775674,7.0494,147,4.43,Movie 906,"[{""id"": 16, ""name"": ""Animation""}]"
128949593,72579909,50.431,148,8.65,Movie 907,"[{""id"": 878, ""name"": ""Science Fiction""}]"
13457080,9494207,12.2999,170,3.63,Movie 909,"[{""id"": 12, ""name"": ""Adventure""}]"
2222869,6172221,94.1638,171,6.44,Movie 910,"[{""id"": 12, ""name"": ""Adventure""}]"
83716910,139060743,87.3929,142,6,Movie 911,"[{""id"": 28, ""name"": ""Action""}]"
51066487,43090383,45.7566,108,8.13,Movie 912,"[{""id"": 16, ""name"": ""Animation""}]"
138343082,187045276,98.5947,161,6.18,Movie 913,"[{""id"": 27, ""name"": ""Horror""}]"
198020478,180606891,1.0185,91,4.53,Movie 914,"[{""id"": 12, ""name"": ""Adventure""}]"
10818159,10022535,61.784,156,7.05,Movie 915,"[{""id"": 28, ""name"": ""Action""}]"
12145552,34861023,62.0264,120,6.26,Movie 916,"[{""id"": 27, ""name"": ""Horror""}]"
116438617,187828912,46.2869,81,4.4,Movie 917,"[{""id"": 16, ""name"": ""Animation""}]"
95562311,236230573,40.2978,116,6.44,Movie 918,"[{""id"": 35, ""name"": ""Comedy""}]"
150370722,315630236,46.0829,124,7.93,Movie 919,"[{""id"": 12, ""name"": ""Adventure""}]"
94842126,207805348,42.0811,159,3.17,Movie 920,"[{""id"": 35, ""name"": ""Comedy""}]"
158155630,131147961,73.3188,127,6.79,Movie 921,"[{""id"": 53, ""name"": ""Thriller""}]"
43758171,47497793,14.4002,103,5.1,Movie 922,"[{""id"": 16, ""name"": ""Animation""}]"
135285389,333732257,20.5663,178,4.76,Movie 923,"[{""id"": 53, ""name"": ""Thriller""}]"
108523287,317638492,18.8713,101,5.36,Movie 924,"[{""id"": 878, ""name"": ""Science Fiction""}]"
142802881,165178536,26.9846,179,5.05,Movie 925,"[{""id"": 27, ""name"": ""Horror""}]"
11466615,33936602,86.9488,125,7.4,Movie 928,"[{""id"": 12, ""name"": ""Adventure""}]"
35861938,42044441,30.4388,108,3.56,Movie 929,"[{""id"": 35, ""name"": ""Comedy""}]"
112023110,169987202,17.0913,114,8.71,Movie 930,"[{""id"": 12, ""name"": ""Adventure""}]"
87787694,239546284,67.8865,94,6.73,Movie 931,"[{""id"": 28, ""name"": ""Action""}]"
138184150,70101176,4.7705,139,7.24,Movie 932,"[{""id"": 35, ""name"": ""Comedy""}]"
51154221,30662602,62.3769,174,4.79,Movie 933,"[{""id"": 878, ""name"": ""Science Fiction""}]"
138926382,279266922,70.1216,121,5.47,Movie 934,"[{""id"": 28, ""name"": ""Action""}]"
131876923,365094721,22.2767,122,4.34,Movie 935,"[{""id"": 16, ""name"": ""Animation""}]"
192864812,211600018,5.1544,159,8.6,Movie 936,"[{""id"": 12, ""name"": ""Adventure""}]"
43573305,72946263,37.0009,153,5.93,Movie 937,"[{""id"": 10749, ""name"": ""Romance""}]"
179871077,292499735,10.7608,128,6.78,Movie 938,"[{""id"": 35, ""name"": ""Comedy""}]"
141090082,237373956,12.5313,143,7.41,Movie 939,"[{""id"": 16, ""name"": ""Animation""}]"
182974207,306364584,30.2513,143,7.32,Movie 941,"[{""id"": 53, ""name"": ""Thriller""}]"
83649048,135400234,53.4671,81,7.06,Movie 942,"[{""id"": 28, ""name"": ""Action""}]"
10810404,18223325,68.1608,103,7.23,Movie 943,"[{""id"": 878, ""name"": ""Science Fiction""}]"
87205129,172419243,59.6843,166,5.94,Movie 944,"[{""id"": 27, ""name"": ""Horror""}]"
7292518,13436600,15.6877,145,5.3,Movie 945,"[{""id"": 18, ""name"": ""Drama""}]"
42142200,111059025,18.0365,117,4.33,Movie 946,"[{""id"": 18, ""name"": ""Drama""}]"
122160976,76196947,87.9982,110,7.95,Movie 947,"[{""id"": 878, ""name"": ""Science Fiction""}]"
115694229,301940132,87.1238,108,5.67,Movie 949,"[{""id"": 10749, ""name"": ""Romance""}]"
152765117,253151641,61.8256,157,3.29,Movie 951,"[{""id"": 18, ""name"": ""Drama""}]"
197350488,315039705,52.8427,104,8.1,Movie 952,"[{""id"": 28, ""name"": ""Action""}]"
67689168,70821456,32.5932,127,8.99,Movie 953,"[{""id"": 53, ""name"": ""Thriller""}]"
131682380,196469073,47.5216,144,8.32,Movie 954,"[{""id"": 18, ""name"": ""Drama""}]"
134541075,82200483,50.7466,132,7.86,Movie 955,"[{""id"": 35, ""name"": ""Comedy""}]"
157637208,188306343,20.8763,146,5.25,Movie 956,"[{""id"": 16, ""name"": ""Animation""}]"
183984073,467633318,32.186,169,4.39,Movie 957,"[{""id"": 10749, ""name"": ""Romance""}]"
169239170,205017304,79.3496,97,7.41,Movie 958,"[{""id"": 35, ""name"": ""Comedy""}]"
181741265,332404530,36.6196,117,4.06,Movie 960,"[{""id"": 35, ""name"": ""Comedy""}]"
105884334,285851351,31.3903,166,7.72,Movie 961,"[{""id"": 10749, ""name"": ""Romance""}]"
94198563,182457801,20.3245,100,4.88,Movie 962,"[{""id"": 35, ""name"": ""Comedy""}]"
160371374,92080521,68.1706,144,8.49,Movie 963,"[{""id"": 16, ""name"": ""Animation""}]"
105544289,230989008,32.9869,100,8.04,Movie 964,"[{""id"": 12, ""name"": ""Adventure""}]"
104231399,63803574,98.7872,106,8.09,Movie 965,"[{""id"": 878, ""name"": ""Science Fiction""}]"
9411883,15308357,33.2428,149,7.63,Movie 966,"[{""id"": 53, ""name"": ""Thriller""}]"
12082322,34115242,40.0195,123,8.29,Movie 967,"[{""id"": 10749, ""name"": ""Romance""}]"
17203305,15706786,60.7301,179,7.83,Movie 968,"[{""id"": 35, ""name"": ""Comedy""}]"
146066408,215401339,80.3667,107,6.62,Movie 969,"[{""id"": 27, ""name"": ""Horror""}]"
108145828,251401282,47.4823,124,4.77,Movie 970,"[{""id"": 28, ""name"": ""Action""}]"
90838873,197788702,99.5681,119,8.04,Movie 972,"[{""id"": 35, ""name"": ""Comedy""}]"
194510719,222799022,2.0389,82,5.84,Movie 973,"[{""id"": 28, ""name"": ""Action""}]"
36555041,79928314,89.6115,155,3.23,Movie 974,"[{""id"": 12, ""name"": ""Adventure""}]"
188246519,233768123,15.7649,155,6.83,Movie 975,"[{""id"": 10749, ""name"": ""Romance""}]"
77658629,178309887,78.8066,145,3.3,Movie 976,"[{""id"": 10749, ""name"": ""Romance""}]"
186863908,539117850,62.1752,125,8.56,Movie 977,"[{""id"": 16, ""name"": ""Animation""}]"
33359860,76843891,34.8429,165,8.77,Movie 978,"[{""id"": 53, ""name"": ""Thriller""}]"
169716949,450972090,87.5136,166,4.14,Movie 979,"[{""id"": 18, ""name"": ""Drama""}]"
163490644,82605218,2.2778,109,7.06,Movie 980,"[{""id"": 878, ""name"": ""Science Fiction""}]"
120654085,276772062,23.4424,148,3.55,Movie 981,"[{""id"": 12, ""name"": ""Adventure""}]"
154250307,397035491,57.1224,88,7.38,Movie 982,"[{""id"": 28, ""name"": ""Action""}]"
165572509,99574784,35.8027,164,5.08,Movie 983,"[{""id"": 12, ""name"": ""Adventure""}]"
110039037,294793954,61.4274,90,7.09,Movie 984,"[{""id"": 16, ""name"": ""Animation""}]"
151732605,173238512,3.3869,148,5.24,Movie 985,"[{""id"": 10749, ""name"": ""Romance""}]"
94481782,204385849,12.5294,178,3.87,Movie 986,"[{""id"": 53, ""name"": ""Thriller""}]"
129050312,322740273,13.5825,170,5.44,Movie 987,"[{""id"": 28, ""name"": ""Action""}]"
77165878,166420661,19.7391,145,3.68,Movie 988,"[{""id"": 12, ""name"": ""Adventure""}]"
106275634,77656878,46.4738,167,6.46,Movie 989,"[{""id"": 10749, ""name"": ""Romance""}]"
79350878,157972029,75.4607,110,3.25,Movie 990,"[{""id"": 10749, ""name"": ""Romance""}]"
153028199,286768592,90.6483,112,6.16,Movie 991,"[{""id"": 27, ""name"": ""Horror""}]"
41636644,114534212,83.7019,118,8.32,Movie 992,"[{""id"": 18, ""name"": ""Drama""}]"
193752163,292681886,20.4919,173,8.03,Movie 993,"[{""id"": 12, ""name"": ""Adventure""}]"
93815365,122213533,44.6739,125,8.3,Movie 994,"[{""id"": 878, ""name"": ""Science Fiction""}]"
99164033,235477581,20.7417,116,8.53,Movie 995,"[{""id"": 12, ""name"": ""Adventure""}]"
58975251,90331702,27.1827,171,3.63,Movie 996,"[{""id"": 18, ""name"": ""Drama""}]"
138311963,292563057,50.8512,139,3.77,Movie 997,"[{""id"": 878, ""name"": ""Science Fiction""}]"
183087754,387436614,7.7428,110,6.34,Movie 998,"[{""id"": 18, ""name"": ""Drama""}]"
23763342,64638610,22.5993,90,8.36,Movie 999,"[{""id"": 28, ""name"": ""Action""}]"
20636869,41206276,93.6024,166,8.85,Movie 1000,"[{""id"": 16, ""name"": ""Animation""}]"
162349749,284986155,47.1455,81,3.28,Movie 1001,"[{""id"": 53, ""name"": ""Thriller""}]"
34942384,29602430,45.0933,106,5.13,Movie 1002,"[{""id"": 18, ""name"": ""Drama""}]"
198085687,156357751,2.4421,178,4.28,Movie 1003,"[{""id"": 27, ""name"": ""Horror""}]"
153025061,135550197,25.4926,81,7.54,Movie 1004,"[{""id"": 878, ""name"": ""Science Fiction""}]"
188446194,175183577,86.763,100,6.84,Movie 1005,"[{""id"": 10749, ""name"": ""Romance""}]"
133960449,315135676,42.0974,84,5.9,Movie 1007,"[{""id"": 27, ""name"": ""Horror""}]"
151481610,276450727,2.4188,131,7.11,Movie 1008,"[{""id"": 878, ""name"": ""Science Fiction""}]"
40138695,103258572,48.3552,124,7.67,Movie 1009,"[{""id"": 16, ""name"": ""Animation""}]"
169016921,503359106,3.0811,164,3.12,Movie 1010,"[{""id"": 18, ""name"": ""Drama""}]"
129759218,330890102,82.1413,172,8.34,Movie 1011,"[{""id"": 10749, ""name"": ""Romance""}]"
113023724,252857346,82.6605,99,6.42,Movie 1012,"[{""id"": 16, ""name"": ""Animation""}]"
84721515,155144728,78.9865,140,7.87,Movie 1013,"[{""id"": 16, ""name"": ""Animation""}]"
76495044,124085110,29.053,117,7.85,Movie 1014,"[{""id"": 12, ""name"": ""Adventure""}]"
131971033,93828890,83.8865,99,4.14,Movie 1015,"[{""id"": 18, ""name"": ""Drama""}]"
49014453,73444328,54.7568,104,3.66,Movie 1016,"[{""id"": 35, ""name"": ""Comedy""}]"
101727619,282328383,38.007,81,7.33,Movie 1017,"[{""id"": 16, ""name"": ""Animation""}]"
52569363,132477768,62.9077,111,3.94,Movie 1018,"[{""id"": 878, ""name"": ""Science Fiction""}]"
33686304,35038081,2.2218,105,8.1,Movie 1019,"[{""id"": 878, ""name"": ""Science Fiction""}]"
129161931,215250871,15.1531,149,7.36,Movie 1020,"[{""id"": 35, ""name"": ""Comedy""}]"
77362381,51713764,25.172,146,4.79,Movie 1022,"[{""id"": 12, ""name"": ""Adventure""}]"
166916991,245114507,60.2029,176,4.9,Movie 1023,"[{""id"": 18, ""name"": ""Drama""}]"
107472997,282611325,39.1252,80,7.03,Movie 1024,"[{""id"": 16, ""name"": ""Animation""}]"
81480036,123014049,85.6258,130,3.19,Movie 1025,"[{""id"": 10749, ""name"": ""Romance""}]"
27216317,18889120,95.2891,84,7.36,Movie 1026,"[{""id"": 16, ""name"": ""Animation""}]"
127111882,235962352,88.4729,92,8.01,Movie 1027,"[{""id"": 878, ""name"": ""Science Fiction""}]"
188432803,500167785,27.7914,98,5.49,Movie 1028,"[{""id"": 28, ""name"": ""Action""}]"
35970444,71067304,20.2221,91,7.59,Movie 1029,"[{""id"": 28, ""name"": ""Action""}]"
140970538,150231988,47.9691,127,4.05,Movie 1030,"[{""id"": 27, ""name"": ""Horror""}]"
135789378,198333836,1.7261,104,4.93,Movie 1031,"[{""id"": 53, ""name"": ""Thriller""}]"
104527089,169888756,3.5551,136,8.85,Movie 1032,"[{""id"": 10749, ""name"": ""Romance""}]"
73017911,142251003,55.7758,114,8.92,Movie 1033,"[{""id"": 27, ""name"": ""Horror""}]"
41435721,99378503,52.5245,155,6.08,Movie 1034,"[{""id"": 18, ""name"": ""Drama""}]"
4757974,3555082,99.4636,173,8.61,Movie 1035,"[{""id"": 16, ""name"": ""Animation""}]"
62119361,169221220,20.9823,84,6.14,Movie 1036,"[{""id"": 35, ""name"": ""Comedy""}]"
43321932,22994166,26.5523,177,4.75,Movie 1037,"[{""id"": 53, ""name"": ""Thriller""}]"
109955219,156700573,12.2405,101,4.6,Movie 1038,"[{""id"": 28, ""name"": ""Action""}]"
20931456,11900595,91.8368,156,8.58,Movie 1039,"[{""id"": 27, ""name"": ""Horror""}]"
60376958,89504949,78.0033,136,4.03,Movie 1040,"[{""id"": 878, ""name"": ""Science Fiction""}]"
44928336,79936651,90.3736,133,6.33,Movie 1042,"[{""id"": 878, ""name"": ""Science Fiction""}]"
143329802,131013596,52.9651,82,7.44,Movie 1043,"[{""id"": 10749, ""name"": ""Romance""}]"
154185166,326001602,45.6681,132,6,Movie 1044,"[{""id"": 53, ""name"": ""Thriller""}]"
147356119,90174006,33.7088,163,4.63,Movie 1045,"[{""id"": 16, ""name"": ""Animation""}]"
188268645,452742234,59.3322,110,4.02,Movie 1046,"[{""id"": 27, ""name"": ""Horror""}]"
159230518,456451967,45.9736,148,6.72,Movie 1047,"[{""id"": 16, ""name"": ""Animation""}]"
191221730,258038822,45.705,167,7.31,Movie 1048,"[{""id"": 12, ""name"": ""Adventure""}]"
157200541,281876047,93.7559,112,6.42,Movie 1049,"[{""id"": 10749, ""name"": ""Romance""}]"
190834334,276189893,98.4191,151,7.43,Movie 1050,"[{""id"": 10749, ""name"": ""Romance""}]"
165185668,85363984,79.852,167,3.85,Movie 1051,"[{""id"": 27, ""name"": ""Horror""}]"
78822269,115449894,75.9191,129,8.29,Movie 1052,"[{""id"": 12, ""name"": ""Adventure""}]"
119227179,295600022,68.3753,163,6.49,Movie 1053,"[{""id"": 18, ""name"": ""Drama""}]"
144959985,288466326,17.4414,95,3.76,Movie 1054,"[{""id"": 12, ""name"": ""Adventure""}]"
187261879,141036244,6.8515,155,5.77,Movie 1055,"[{""id"": 18, ""name"": ""Drama""}]"
4609736,12067591,69.3819,156,8.07,Movie 1056,"[{""id"": 10749, ""name"": ""Romance""}]"
19161634,49902804,5.6503,168,4.59,Movie 1058,"[{""id"": 18, ""name"": ""Drama""}]"
18163810,35429488,92.8771,125,7.27,Movie 1059,"[{""id"": 28, ""name"": ""Action""}]"
147443583,280027965,10.0229,175,3.6,Movie 1060,"[{""id"": 12, ""name"": ""Adventure""}]"
52424149,40007382,29.3042,167,3.2,Movie 1061,"[{""id"": 35, ""name"": ""Comedy""}]"
126966143,116605621,67.5666,126,6.36,Movie 1062,"[{""id"": 35, ""name"": ""Comedy""}]"
136353692,399524927,17.8174,123,7.17,Movie 1063,"[{""id"": 27, ""name"": ""Horror""}]"
67318090,198159569,33.7835,166,5.04,Movie 1065,"[{""id"": 18, ""name"": ""Drama""}]"
195421608,357578895,76.8312,129,3.04,Movie 1066,"[{""id"": 27, ""name"": ""Horror""}]"
3155748,2649164,41.9542,156,5.88,Movie 1067,"[{""id"": 28, ""name"": ""Action""}]"
61676365,46149679,65.6443,139,3.1,Movie 1068,"[{""id"": 28, ""name"": ""Action""}]"
55256930,155498157,3.1996,94,4.96,Movie 1070,"[{""id"": 35, ""name"": ""Comedy""}]"
169645332,260469296,98.8655,115,5.62,Movie 1071,"[{""id"": 16, ""name"": ""Animation""}]"
9910852,14753152,5.1014,142,4.68,Movie 1072,"[{""id"": 16, ""name"": ""Animation""}]"
173645754,222790220,96.8125,148,6.49,Movie 1073,"[{""id"": 878, ""name"": ""Science Fiction""}]"
38617741,33506861,55.4366,165,3.33,Movie 1074,"[{""id"": 28, ""name"": ""Action""}]"
100065241,172074989,96.3527,159,3.87,Movie 1075,"[{""id"": 18, ""name"": ""Drama""}]"
142158973,117298134,12.3606,120,7.17,Movie 1076,"[{""id"": 18, ""name"": ""Drama""}]"
199987907,517708813,49.5504,153,3.85,Movie 1077,"[{""id"": 16, ""name"": ""Animation""}]"
16876696,24066041,17.7809,103,6.84,Movie 1078,"[{""id"": 35, ""name"": ""Comedy""}]"
10451244,15018530,6.0465,161,3.33,Movie 1079,"[{""id"": 27, ""name"": ""Horror""}]"
111838825,188450217,62.1354,128,5.44,Movie 1080,"[{""id"": 16, ""name"": ""Animation""}]"
75926168,122265372,21.5706,97,4.06,Movie 1081,"[{""id"": 27, ""name"": ""Horror""}]"
18606951,55581659,59.182,86,3.66,Movie 1082,"[{""id"": 12, ""name"": ""Adventure""}]"
63056263,117502370,12.1241,83,6.4,Movie 1083,"[{""id"": 16, ""name"": ""Animation""}]"
8021862,5779785,33.8667,169,8.57,Movie 1084,"[{""id"": 53, ""name"": ""Thriller""}]"
9351245,8219377,44.2681,139,5.53,Movie 1086,"[{""id"": 35, ""name"": ""Comedy""}]"
106945887,61744578,63.1468,134,7.25,Movie 1087,"[{""id"": 35, ""name"": ""Comedy""}]"
109146354,319455593,65.0983,95,5.78,Movie 1088,"[{""id"": 12, ""name"": ""Adventure""}]"
171858336,418276934,84.5317,178,7.84,Movie 1089,"[{""id"": 16, ""name"": ""Animation""}]"
6345854,18721998,33.1674,169,4.08,Movie 1090,"[{""id"": 10749, ""name"": ""Romance""}]"
12683982,21495495,69.0423,161,8.76,Movie 1091,"[{""id"": 18, ""name"": ""Drama""}]"
65365536,119661015,96.2,108,5.31,Movie 1092,"[{""id"": 27, ""name"": ""Horror""}]"
193039576,177759024,73.2941,102,5.05,Movie 1093,"[{""id"": 28, ""name"": ""Action""}]"
185092816,206798385,49.4972,93,8.25,Movie 1094,"[{""id"": 18, ""name"": ""Drama""}]"
106546976,276635695,63.441,158,6.38,Movie 1095,"[{""id"": 53, ""name"": ""Thriller""}]"
71790126,99821594,74.2286,128,6.1,Movie 1096,"[{""id"": 878, ""name"": ""Science Fiction""}]"
39187510,100595805,61.6153,112,7.36,Movie 1097,"[{""id"": 35, ""name"": ""Comedy""}]"
137826817,313216170,2.6509,104,6.48,Movie 1098,"[{""id"": 878, ""name"": ""Science Fiction""}]"
188058125,177325142,20.2826,100,3.98,Movie 1099,"[{""id"": 878, ""name"": ""Science Fiction""}]"
18691444,33057985,81.2364,96,7.05,Movie 1100,"[{""id"": 878, ""name"": ""Science Fiction""}]"
179350183,195060010,73.4246,136,7.84,Movie 1102,"[{""id"": 27, ""name"": ""Horror""}]"
185036390,476787203,37.8399,160,8.94,Movie 1103,"[{""id"": 35, ""name"": ""Comedy""}]"
88255618,80586657,7.7294,93,5.67,Movie 1105,"[{""id"": 12, ""name"": ""Adventure""}]"
12630982,24724655,18.9413,172,3.28,Movie 1106,"[{""id"": 10749, ""name"": ""Romance""}]"
185894642,557550920,95.7625,99,3.08,Movie 1107,"[{""id"": 16, ""name"": ""Animation""}]"
97231367,85204209,89.1237,109,8.53,Movie 1108,"[{""id"": 53, ""name"": ""Thriller""}]"
27704425,70421665,65.5752,98,3.77,Movie 1109,"[{""id"": 10749, ""name"": ""Romance""}]"
62298111,63436453,46.5048,132,5.67,Movie 1110,"[{""id"": 10749, ""name"": ""Romance""}]"
180232243,442645130,67.9004,135,7.89,Movie 1111,"[{""id"": 878, ""name"": ""Science Fiction""}]"
190086734,444127162,62.2424,156,8.34,Movie 1112,"[{""id"": 27, ""name"": ""Horror""}]"
16586926,20753951,57.2867,161,6.12,Movie 1113,"[{""id"": 10749, ""name"": ""Romance""}]"
144714291,190235299,6.8585,102,6.39,Movie 1114,"[{""id"": 53, ""name"": ""Thriller""}]"
82143014,203821746,63.6475,141,7.02,Movie 1115,"[{""id"": 878, ""name"": ""Science Fiction""}]"
46745050,77298258,77.1231,112,8.77,Movie 1116,"[{""id"": 12, ""name"": ""Adventure""}]"
166773731,388089988,99.4141,97,6.62,Movie 1117,"[{""id"": 27, ""name"": ""Horror""}]"
115567717,100539333,2.0968,152,6.36,Movie 1118,"[{""id"": 28, ""name"": ""Action""}]"
11321336,29790900,73.2872,112,3.09,Movie 1119,"[{""id"": 35, ""name"": ""Comedy""}]"
84667964,192806886,57.6071,111,3.49,Movie 1120,"[{""id"": 878, ""name"": ""Science Fiction""}]"
123715546,342365084,43.9712,140,6.46,Movie 1121,"[{""id"": 10749, ""name"": ""Romance""}]"
78859104,65526470,13.6294,133,8.62,Movie 1122,"[{""id"": 18, ""name"": ""Drama""}]"
145020733,287508860,41.4994,96,8.2,Movie 1123,"[{""id"": 18, ""name"": ""Drama""}]"
32738453,45298621,30.9802,170,6.17,Movie 1125,"[{""id"": 28, ""name"": ""Action""}]"
54509641,32430723,70.3718,178,8.04,Movie 1127,"[{""id"": 28, ""name"": ""Action""}]"
20908425,39167882,93.9278,163,5.03,Movie 1129,"[{""id"": 53, ""name"": ""Thriller""}]"
128052640,82511055,35.6356,104,5.82,Movie 1130,"[{""id"": 878, ""name"": ""Science Fiction""}]"
174585525,384418074,25.1364,147,8.15,Movie 1131,"[{""id"": 10749, ""name"": ""Romance""}]"
38612325,64365015,65.9344,153,4.79,Movie 1132,"[{""id"": 12, ""name"": ""Adventure""}]"
157686220,92428274,20.6826,153,8.54,Movie 1133,"[{""id"": 878, ""name"": ""Science Fiction""}]"
17413486,50917369,32.186,167,4.38,Movie 1134,"[{""id"": 35, ""name"": ""Comedy""}]"
146823971,421793019,23.2356,164,7.5,Movie 1135,"[{""id"": 53, ""name"": ""Thriller""}]"
84752812,151051211,7.8462,90,6.78,Movie 1136,"[{""id"": 28, ""name"": ""Action""}]"
11688727,8581641,82.9224,170,7.5,Movie 1137,"[{""id"": 28, ""name"": ""Action""}]"
179060211,427336693,26.1995,95,5.62,Movie 1138,"[{""id"": 12, ""name"": ""Adventure""}]"
96723191,167314459,47.8297,169,8.6,Movie 1139,"[{""id"": 35, ""name"": ""Comedy""}]"
10828366,13601712,5.2882,140,6.79,Movie 1140,"[{""id"": 35, ""name"": ""Comedy""}]"
108019524,195095181,33.7255,159,6.83,Movie 1142,"[{""id"": 10749, ""name"": ""Romance""}]"
180320878,343832108,74.7289,86,4.72,Movie 1143,"[{""id"": 53, ""name"": ""Thriller""}]"
146836355,235387382,41.8279,95,4.76,Movie 1144,"[{""id"": 10749, ""name"": ""Romance""}]"
150261131,302684257,20.3798,178,5.4,Movie 1145,"[{""id"": 35, ""name"": ""Comedy""}]"
94982380,265650213,51.8043,95,8.11,Movie 1146,"[{""id"": 28, ""name"": ""Action""}]"
140743361,197838750,13.92,119,6,Movie 1147,"[{""id"": 53, ""name"": ""Thriller""}]"
53411802,123610461,44.6134,91,7.07,Movie 1148,"[{""id"": 28, ""name"": ""Action""}]"
70353566,192496600,32.4132,114,5.35,Movie 1149,"[{""id"": 53, ""name"": ""Thriller""}]"
13920739,27915153,69.7077,122,6.62,Movie 1152,"[{""id"": 18, ""name"": ""Drama""}]"
184500067,365036500,19.0924,179,8.6,Movie 1153,"[{""id"": 18, ""name"": ""Drama""}]"
124175705,312484853,32.5855,96,4.22,Movie 1154,"[{""id"": 35, ""name"": ""Comedy""}]"
8726890,14758990,42.1359,111,3.88,Movie 1155,"[{""id"": 18, ""name"": ""Drama""}]"
157892442,472146933,90.8935,120,8.13,Movie 1156,"[{""id"": 878, ""name"": ""Science Fiction""}]"
143575684,93134519,25.0152,85,7.09,Movie 1157,"[{""id"": 12, ""name"": ""Adventure""}]"
144669065,180270281,11.3629,99,7.8,Movie 1160,"[{""id"": 28, ""name"": ""Action""}]"
129953191,143072741,13.7311,104,5.72,Movie 1161,"[{""id"": 35, ""name"": ""Comedy""}]"
90729573,116110962,57.8112,145,7.02,Movie 1162,"[{""id"": 12, ""name"": ""Adventure""}]"
172158661,196281345,7.0293,88,4.91,Movie 1163,"[{""id"": 53, ""name"": ""Thriller""}]"
112030983,64639090,4.0622,171,5.29,Movie 1164,"[{""id"": 28, ""name"": ""Action""}]"
106251630,311193238,71.727,132,8.94,Movie 1165,"[{""id"": 27, ""name"": ""Horror""}]"
163906457,172407255,36.8031,140,4.49,Movie 1166,"[{""id"": 18, ""name"": ""Drama""}]"
43019117,100452839,13.4122,117,6.04,Movie 1167,"[{""id"": 28, ""name"": ""Action""}]"
122768331,295440882,26.1077,82,8.07,Movie 1168,"[{""id"": 28, ""name"": ""Action""}]"
159279897,449670005,64.5666,163,4.44,Movie 1169,"[{""id"": 878, ""name"": ""Science Fiction""}]"
102918860,59319718,28.2781,149,5.49,Movie 1170,"[{""id"": 12, ""name"": ""Adventure""}]"
26291709,47800047,13.0478,134,5.89,Movie 1172,"[{""id"": 28, ""name"": ""Action""}]"
165474065,344411145,59.2213,80,5.76,Movie 1173,"[{""id"": 35, ""name"": ""Comedy""}]"
26836512,56656591,32.2917,149,5.18,Movie 1174,"[{""id"": 18, ""name"": ""Drama""}]"
78782638,200855903,63.0699,124,6.52,Movie 1175,"[{""id"": 12, ""name"": ""Adventure""}]"
166766759,222386525,81.0311,177,6.75,Movie 1176,"[{""id"": 28, ""name"": ""Action""}]"
131837162,307527052,61.553,126,6.92,Movie 1177,"[{""id"": 18, ""name"": ""Drama""}]"
171564587,312495506,30.279,158,3.42,Movie 1178,"[{""id"": 878, ""name"": ""Science Fiction""}]"
12309411,30570238,26.3186,105,6.79,Movie 1179,"[{""id"": 10749, ""name"": ""Romance""}]"
188907055,562256362,33.4147,93,8.72,Movie 1180,"[{""id"": 18, ""name"": ""Drama""}]"
40302467,40368061,17.2974,133,6.25,Movie 1181,"[{""id"": 27, ""name"": ""Horror""}]"
173162180,517169907,18.936,150,7.29,Movie 1182,"[{""id"": 10749, ""name"": ""Romance""}]"
99881316,72367048,79.2784,125,6.34,Movie 1183,"[{""id"": 27, ""name"": ""Horror""}]"
85776775,43385366,39.0885,110,8.13,Movie 1184,"[{""id"": 53, ""name"": ""Thriller""}]"
114246334,69736515,44.1635,167,8.58,Movie 1185,"[{""id"": 35, ""name"": ""Comedy""}]"
119279273,161558528,59.8109,138,4.11,Movie 1186,"[{""id"": 35, ""name"": ""Comedy""}]"
92253744,192096818,59.3757,174,5.62,Movie 1187,"[{""id"": 878, ""name"": ""Science Fiction""}]"
60220571,40502781,7.6703,108,5.35,Movie 1188,"[{""id"": 28, ""name"": ""Action""}]"
190902201,98155141,83.3225,175,5.43,Movie 1189,"[{""id"": 10749, ""name"": ""Romance""}]"
28580296,81245995,18.5553,96,3.75,Movie 1190,"[{""id"": 878, ""name"": ""Science Fiction""}]"
64655986,165184185,72.5841,93,7.88,Movie 1191,"[{""id"": 27, ""name"": ""Horror""}]"
180301837,454893949,77.4944,115,3.21,Movie 1192,"[{""id"": 27, ""name"": ""Horror""}]"
120999784,328037757,71.7751,137,6.17,Movie 1193,"[{""id"": 10749, ""name"": ""Romance""}]"
154271050,347123080,58.3188,103,6.97,Movie 1194,"[{""id"": 27, ""name"": ""Horror""}]"
175034265,262157652,36.6772,170,8.44,Movie 1196,"[{""id"": 12, ""name"": ""Adventure""}]"
114378925,263972114,60.8791,104,8.03,Movie 1197,"[{""id"": 28, ""name"": ""Action""}]"
108334614,130092121,39.3577,138,5.83,Movie 1198,"[{""id"": 35, ""name"": ""Comedy""}]"
197889400,439020782,86.4845,111,5.47,Movie 1199,"[{""id"": 18, ""name"": ""Drama""}]"
85380672,47919570,31.5714,161,4.42,Movie 1200,"[{""id"": 18, ""name"": ""Drama""}]"
81908854,103642823,30.0599,97,7.38,Movie 1201,"[{""id"": 53, ""name"": ""Thriller""}]"
172350386,322782256,27.3338,116,3.79,Movie 1202,"[{""id"": 53, ""name"": ""Thriller""}]"
124589543,259174228,33.9453,105,7.08,Movie 1203,"[{""id"": 12, ""name"": ""Adventure""}]"
195967438,380686670,56.1831,88,8.05,Movie 1204,"[{""id"": 18, ""name"": ""Drama""}]"
104090836,233620503,70.9945,178,4.37,Movie 1205,"[{""id"": 53, ""name"": ""Thriller""}]"
19492846,10043140,66.5942,143,8.2,Movie 1206,"[{""id"": 16, ""name"": ""Animation""}]"
98483912,74094666,80.9641,151,3.2,Movie 1207,"[{""id"": 16, ""name"": ""Animation""}]"
78652169,210186959,88.7055,99,8.48,Movie 1208,"[{""id"": 35, ""name"": ""Comedy""}]"
163306360,359987903,81.7918,133,3.71,Movie 1209,"[{""id"": 10749, ""name"": ""Romance""}]"
178045145,463840735,73.8559,162,4.5,Movie 1211,"[{""id"": 12, ""name"": ""Adventure""}]"
91190760,100818502,21.6316,109,8.02,Movie 1212,"[{""id"": 18, ""name"": ""Drama""}]"
100508798,170427714,14.1599,132,6.07,Movie 1213,"[{""id"": 53, ""name"": ""Thriller""}]"
170670899,147287497,64.2104,171,3.81,Movie 1214,"[{""id"": 18, ""name"": ""Drama""}]"
161612888,367713786,32.6546,178,6.43,Movie 1215,"[{""id"": 28, ""name"": ""Action""}]"
193653386,419673234,6.6546,142,5.45,Movie 1216,"[{""id"": 10749, ""name"": ""Romance""}]"
146367425,150433684,14.6253,90,6.97,Movie 1217,"[{""id"": 35, ""name"": ""Comedy""}]"
148975377,223949479,90.4191,128,5.46,Movie 1219,"[{""id"": 16, ""name"": ""Animation""}]"
187636634,165274845,21.7361,173,3.09,Movie 1221,"[{""id"": 27, ""name"": ""Horror""}]"
64213072,74835200,42.21,166,6.45,Movie 1222,"[{""id"": 53, ""name"": ""Thriller""}]"
106519743,59125626,36.3006,98,5.41,Movie 1223,"[{""id"": 12, ""name"": ""Adventure""}]"
160364010,314015780,91.2609,91,5.25,Movie 1224,"[{""id"": 28, ""name"": ""Action""}]"
142075386,370188338,4.9886,94,4.1,Movie 1225,"[{""id"": 28, ""name"": ""Action""}]"
65164715,122017743,51.7093,110,5.58,Movie 1226,"[{""id"": 12, ""name"": ""Adventure""}]"
69105394,40369501,93.2381,116,4.79,Movie 1228,"[{""id"": 12, ""name"": ""Adventure""}]"
65991256,68404568,62.4168,158,6.6,Movie 1229,"[{""id"": 10749, ""name"": ""Romance""}]"
175003379,269558329,80.5718,108,7.66,Movie 1230,"[{""id"": 16, ""name"": ""Animation""}]"
189658373,454995855,9.2888,105,7.49,Movie 1231,"[{""id"": 27, ""name"": ""Horror""}]"
146509876,142057020,39.208,81,4.97,Movie 1232,"[{""id"": 53, ""name"": ""Thriller""}]"
172136855,395825020,38.0208,163,6.67,Movie 1233,"[{""id"": 35, ""name"": ""Comedy""}]"
131978076,352029565,88.7425,94,8.23,Movie 1234,"[{""id"": 10749, ""name"": ""Romance""}]"
78688894,128645885,15.9857,83,3.09,Movie 1235,"[{""id"": 35, ""name"": ""Comedy""}]"
119485994,305117042,16.0367,165,5.61,Movie 1236,"[{""id"": 28, ""name"": ""Action""}]"
32199893,60749714,33.5273,129,4.35,Movie 1237,"[{""id"": 35, ""name"": ""Comedy""}]"
141003993,295082876,6.3921,117,5.33,Movie 1238,"[{""id"": 18, ""name"": ""Drama""}]"
57240283,103930961,19.0633,102,5.5,Movie 1239,"[{""id"": 35, ""name"": ""Comedy""}]"
109150641,180964317,96.5558,138,7.48,Movie 1240,"[{""id"": 878, ""name"": ""Science Fiction""}]"
166516756,180942702,43.3902,169,3.56,Movie 1241,"[{""id"": 18, ""name"": ""Drama""}]"
66170480,83241481,63.5699,154,6.08,Movie 1242,"[{""id"": 10749, ""name"": ""Romance""}]"
164386192,201360805,72.885,107,6.39,Movie 1243,"[{""id"": 16, ""name"": ""Animation""}]"
102233747,195084718,37.3292,145,5.96,Movie 1244,"[{""id"": 10749, ""name"": ""Romance""}]"
93294504,74624802,15.5755,87,7.39,Movie 1245,"[{""id"": 18, ""name"": ""Drama""}]"
102630640,286542614,21.4515,108,5.3,Movie 1246,"[{""id"": 16, ""name"": ""Animation""}]"
171184309,394004287,32.0134,90,8.67,Movie 1247,"[{""id"": 18, ""name"": ""Drama""}]"
99138587,149066175,63.9708,97,5.89,Movie 1248,"[{""id"": 10749, ""name"": ""Romance""}]"
151623294,135939435,40.4298,134,6.43,Movie 1249,"[{""id"": 35, ""name"": ""Comedy""}]"
10427504,28206194,1.6747,129,7.95,Movie 1250,"[{""id"": 878, ""name"": ""Science Fiction""}]"
142240064,364055652,52.8173,93,4.65,Movie 1251,"[{""id"": 10749, ""name"": ""Romance""}]"
20655820,47597286,92.2298,153,3.45,Movie 1252,"[{""id"": 27, ""name"": ""Horror""}]"
96855581,114179908,81.3957,178,7.25,Movie 1253,"[{""id"": 53, ""name"": ""Thriller""}]"
97231290,146441659,82.6959,88,5.9,Movie 1254,"[{""id"": 28, ""name"": ""Action""}]"
100017426,75700252,79.7107,178,8.38,Movie 1255,"[{""id"": 28, ""name"": ""Action""}]"
159428477,155059947,33.0494,90,8.9,Movie 1256,"[{""id"": 12, ""name"": ""Adventure""}]"
132992221,304232578,15.173,155,5.49,Movie 1258,"[{""id"": 53, ""name"": ""Thriller""}]"
14691164,29143073,66.1139,146,5.45,Movie 1259,"[{""id"": 12, ""name"": ""Adventure""}]"
157979628,432756251,64.5153,132,4.95,Movie 1260,"[{""id"": 12, ""name"": ""Adventure""}]"
12707868,24884118,3.5314,118,7.69,Movie 1261,"[{""id"": 35, ""name"": ""Comedy""}]"
149463901,249219097,79.009,157,7.55,Movie 1262,"[{""id"": 35, ""name"": ""Comedy""}]"
104357583,140979462,90.4216,135,5.87,Movie 1263,"[{""id"": 35, ""name"": ""Comedy""}]"
108174930,76456813,81.4267,154,4.86,Movie 1265,"[{""id"": 10749, ""name"": ""Romance""}]"
14781009,41789141,9.1582,118,4.75,Movie 1266,"[{""id"": 16, ""name"": ""Animation""}]"
190170432,488126926,60.3968,104,7.87,Movie 1267,"[{""id"": 16, ""name"": ""Animation""}]"
110640269,91258839,49.079,100,3.53,Movie 1268,"[{""id"": 35, ""name"": ""Comedy""}]"
115070898,220068592,55.0464,89,7.83,Movie 1269,"[{""id"": 12, ""name"": ""Adventure""}]"
68812526,183479651,92.6943,122,7.02,Movie 1270,"[{""id"": 878, ""name"": ""Science Fiction""}]"
119746097,231052837,87.2602,94,7.39,Movie 1271,"[{""id"": 53, ""name"": ""Thriller""}]"
105755393,292730880,78.7233,162,5.59,Movie 1272,"[{""id"": 12, ""name"": ""Adventure""}]"
148986933,425724133,28.0961,127,7.08,Movie 1273,"[{""id"": 28, ""name"": ""Action""}]"
15013403,23360274,91.27,165,6.65,Movie 1274,"[{""id"": 18, ""name"": ""Drama""}]"
188208816,271638801,10.6533,100,7.61,Movie 1275,"[{""id"": 28, ""name"": ""Action""}]"
111651505,317179917,85.4796,139,5.68,Movie 1276,"[{""id"": 53, ""name"": ""Thriller""}]"
66954738,146486933,33.4878,175,5.84,Movie 1277,"[{""id"": 12, ""name"": ""Adventure""}]"
130880894,103403327,6.3235,129,6.86,Movie 1278,"[{""id"": 878, ""name"": ""Science Fiction""}]"
174866627,105921852,67.2663,102,3.65,Movie 1279,"[{""id"": 27, ""name"": ""Horror""}]"
94900039,181408316,23.8967,92,5.62,Movie 1280,"[{""id"": 18, ""name"": ""Drama""}]"
56849014,160622762,25.1135,148,8.83,Movie 1281,"[{""id"": 28, ""name"": ""Action""}]"
38003110,99211745,31.2987,83,3.23,Movie 1282,"[{""id"": 27, ""name"": ""Horror""}]"
14942402,32718172,7.3048,171,4.9,Movie 1283,"[{""id"": 16, ""name"": ""Animation""}]"
96785737,82053943,18.5356,157,4.88,Movie 1284,"[{""id"": 878, ""name"": ""Science Fiction""}]"
90097673,102312976,1.5088,151,6.8,Movie 1285,"[{""id"": 16, ""name"": ""Animation""}]"
97337874,261719940,45.0955,88,3.63,Movie 1286,"[{""id"": 28, ""name"": ""Action""}]"
145887163,120211259,24.3267,137,3.57,Movie 1289,"[{""id"": 53, ""name"": ""Thriller""}]"
110033558,241003264,94.4138,97,7.37,Movie 1290,"[{""id"": 35, ""name"": ""Comedy""}]"
178946678,511779583,87.2539,176,4.94,Movie 1291,"[{""id"": 18, ""name"": ""Drama""}]"
134799387,158041507,29.6546,151,8.86,Movie 1292,"[{""id"": 27, ""name"": ""Horror""}]"
118204767,199590701,78.5383,160,3.22,Movie 1293,"[{""id"": 28, ""name"": ""Action""}]"
123287281,257158694,80.5212,122,5.67,Movie 1294,"[{""id"": 10749, ""name"": ""Romance""}]"
146702236,439910951,98.6697,174,3.68,Movie 1295,"[{""id"": 27, ""name"": ""Horror""}]"
117376384,204989286,9.1146,85,8.99,Movie 1297,"[{""id"": 53, ""name"": ""Thriller""}]"
149056822,218040363,65.0369,165,8.33,Movie 1298,"[{""id"": 27, ""name"": ""Horror""}]"
17701250,47165872,62.873,157,3.29,Movie 1299,"[{""id"": 27, ""name"": ""Horror""}]"
188152343,317962280,64.1967,146,6.38,Movie 1300,"[{""id"": 35, ""name"": ""Comedy""}]"
37992982,29537408,31.4074,91,6.89,Movie 1301,"[{""id"": 28, ""name"": ""Action""}]"
24656190,51434300,86.1083,179,4.26,Movie 1302,"[{""id"": 35, ""name"": ""Comedy""}]"
85656124,207883262,95.9877,91,3.87,Movie 1303,"[{""id"": 12, ""name"": ""Adventure""}]"
140796807,71412581,22.5535,145,8.43,Movie 1304,"[{""id"": 18, ""name"": ""Drama""}]"
115981624,111928936,20.259,94,8.95,Movie 1306,"[{""id"": 18, ""name"": ""Drama""}]"
30822180,57951043,82.2347,102,7.74,Movie 1307,"[{""id"": 16, ""name"": ""Animation""}]"
54517362,83929138,67.9878,108,6.98,Movie 1308,"[{""id"": 16, ""name"": ""Animation""}]"
120168608,276283797,63.9687,160,5.07,Movie 1309,"[{""id"": 16, ""name"": ""Animation""}]"
144078663,205730504,40.7775,175,4.03,Movie 1310,"[{""id"": 10749, ""name"": ""Romance""}]"
159662049,427001451,58.205,86,3.47,Movie 1311,"[{""id"": 53, ""name"": ""Thriller""}]"
150322829,349687113,31.4795,173,7.16,Movie 1312,"[{""id"": 18, ""name"": ""Drama""}]"
175794015,372557254,48.2428,107,7.71,Movie 1313,"[{""id"": 28, ""name"": ""Action""}]"
77106218,183902770,98.1429,123,8.48,Movie 1315,"[{""id"": 28, ""name"": ""Action""}]"
109015503,64302433,93.3164,109,8.28,Movie 1316,"[{""id"": 12, ""name"": ""Adventure""}]"
96277507,143148852,93.4527,160,9,Movie 1317,"[{""id"": 16, ""name"": ""Animation""}]"
30677043,86724560,40.8201,111,4.46,Movie 1318,"[{""id"": 12, ""name"": ""Adventure""}]"
186049252,151501891,47.4102,149,7.58,Movie 1319,"[{""id"": 10749, ""name"": ""Romance""}]"
70071029,164158298,70.8579,167,6.52,Movie 1320,"[{""id"": 16, ""name"": ""Animation""}]"
76094484,223449894,92.297,85,4.57,Movie 1321,"[{""id"": 878, ""name"": ""Science Fiction""}]"
186318110,410921741,31.1199,161,8.39,Movie 1323,"[{""id"": 35, ""name"": ""Comedy""}]"
50349430,84102950,14.7854,167,3.77,Movie 1324,"[{""id"": 16, ""name"": ""Animation""}]"
92636655,180450473,61.5888,103,3.16,Movie 1325,"[{""id"": 35, ""name"": ""Comedy""}]"
105904657,75547440,31.3238,113,7.13,Movie 1326,"[{""id"": 27, ""name"": ""Horror""}]"
56842822,34533002,33.2847,119,6.62,Movie 1327,"[{""id"": 28, ""name"": ""Action""}]"
36393865,78871570,8.0207,126,8.61,Movie 1328,"[{""id"": 16, ""name"": ""Animation""}]"
99820870,255369093,35.6298,158,4.4,Movie 1329,"[{""id"": 878, ""name"": ""Science Fiction""}]"
88558294,217414006,86.3872,154,3.51,Movie 1330,"[{""id"": 53, ""name"": ""Thriller""}]"
154021524,286405229,24.0742,165,4.56,Movie 1331,"[{""id"": 28, ""name"": ""Action""}]"
114954962,86177947,69.8236,103,3.11,Movie 1332,"[{""id"": 27, ""name"": ""Horror""}]"
7202258,15989812,63.3332,144,3.22,Movie 1333,"[{""id"": 35, ""name"": ""Comedy""}]"
89225315,98569187,86.485,97,8.49,Movie 1334,"[{""id"": 12, ""name"": ""Adventure""}]"
77989724,216629853,14.0965,123,5.11,Movie 1335,"[{""id"": 12, ""name"": ""Adventure""}]"
71635601,185941907,97.7814,155,5.46,Movie 1336,"[{""id"": 16, ""name"": ""Animation""}]"
76899393,174827495,58.6802,136,3.11,Movie 1337,"[{""id"": 27, ""name"": ""Horror""}]"
154003904,442316905,99.5519,107,4.62,Movie 1338,"[{""id"": 27, ""name"": ""Horror""}]"
22232430,12862673,91.24,150,7.83,Movie 1339,"[{""id"": 878, ""name"": ""Science Fiction""}]"
126917075,297049548,22.9302,102,6.69,Movie 1340,"[{""id"": 18, ""name"": ""Drama""}]"
101355594,134357679,6.56,164,7.52,Movie 1341,"[{""id"": 27, ""name"": ""Horror""}]"
41473321,114680563,26.3083,113,5.68,Movie 1342,"[{""id"": 10749, ""name"": ""Romance""}]"
55148094,64340619,53.2288,90,4.86,Movie 1343,"[{""id"": 53, ""name"": ""Thriller""}]"
21153729,48910409,17.988,165,5.9,Movie 1344,"[{""id"": 27, ""name"": ""Horror""}]"
120378390,324313533,17.5785,114,4.94,Movie 1345,"[{""id"": 53, ""name"": ""Thriller""}]"
78582731,117411947,4.2935,121,4.79,Movie 1347,"[{""id"": 878, ""name"": ""Science Fiction""}]"
78973011,189991104,13.0669,107,6.96,Movie 1348,"[{""id"": 35, ""name"": ""Comedy""}]"
141411684,231532957,42.1703,161,3.82,Movie 1349,"[{""id"": 27, ""name"": ""Horror""}]"
148796901,173814358,7.2499,157,7.12,Movie 1350,"[{""id"": 53, ""name"": ""Thriller""}]"
103368511,108486634,40.2788,161,8.48,Movie 1351,"[{""id"": 10749, ""name"": ""Romance""}]"
191978987,159111352,47.9266,171,6.65,Movie 1352,"[{""id"": 53, ""name"": ""Thriller""}]"
138484130,365989168,45.6754,103,6.36,Movie 1353,"[{""id"": 878, ""name"": ""Science Fiction""}]"
48044083,93128098,87.0483,87,8.77,Movie 1354,"[{""id"": 53, ""name"": ""Thriller""}]"
160116793,110634677,53.4762,132,6.76,Movie 1355,"[{""id"": 27, ""name"": ""Horror""}]"
128812971,182828645,41.6602,83,4.75,Movie 1357,"[{""id"": 16, ""name"": ""Animation""}]"
65910615,62901662,81.9447,170,7.23,Movie 1358,"[{""id"": 878, ""name"": ""Science Fiction""}]"
15072989,23947498,89.6106,179,7.41,Movie 1359,"[{""id"": 878, ""name"": ""Science Fiction""}]"
84976173,113039419,85.471,84,4.82,Movie 1360,"[{""id"": 27, ""name"": ""Horror""}]"
145162518,196623975,67.6811,176,5.07,Movie 1361,"[{""id"": 53, ""name"": ""Thriller""}]"
97504946,228899334,14.5988,128,8.95,Movie 1362,"[{""id"": 53, ""name"": ""Thriller""}]"
54505232,57675172,28.4101,177,3.61,Movie 1363,"[{""id"": 18, ""name"": ""Drama""}]"
81218637,170936796,5.5602,109,5.43,Movie 1364,"[{""id"": 878, ""name"": ""Science Fiction""}]"
179817575,346440866,93.1516,151,3.37,Movie 1365,"[{""id"": 16, ""name"": ""Animation""}]"
49730049,95493195,66.4191,142,7.93,Movie 1366,"[{""id"": 878, ""name"": ""Science Fiction""}]"
37413676,80720693,74.8899,126,3.55,Movie 1367,"[{""id"": 35, ""name"": ""Comedy""}]"
34877350,94103895,84.7197,136,3.34,Movie 1369,"[{""id"": 53, ""name"": ""Thriller""}]"
132095752,289151026,26.7007,116,7.04,Movie 1370,"[{""id"": 27, ""name"": ""Horror""}]"
87131989,224313272,38.2651,86,5.39,Movie 1372,"[{""id"": 878, ""name"": ""Science Fiction""}]"
97337130,196169982,57.5054,119,6.13,Movie 1373,"[{""id"": 10749, ""name"": ""Romance""}]"
32251097,39599851,48.3918,171,5.41,Movie 1374,"[{""id"": 27, ""name"": ""Horror""}]"
111338489,113313332,86.3455,118,4.8,Movie 1375,"[{""id"": 53, ""name"": ""Thriller""}]"
110832220,97623176,11.4351,141,7.82,Movie 1376,"[{""id"": 28, ""name"": ""Action""}]"
16985249,46686301,55.8285,171,4.63,Movie 1377,"[{""id"": 27, ""name"": ""Horror""}]"
96809238,220273794,51.785,157,7.34,Movie 1378,"[{""id"": 27, ""name"": ""Horror""}]"
79987338,227439683,28.8579,132,4.24,Movie 1379,"[{""id"": 35, ""name"": ""Comedy""}]"
44309893,88984434,82.4006,83,4.5,Movie 1380,"[{""id"": 27, ""name"": ""Horror""}]"
169787089,285836938,75.532,161,5.02,Movie 1381,"[{""id"": 12, ""name"": ""Adventure""}]"
128395967,83366374,73.5531,104,6.53,Movie 1382,"[{""id"": 10749, ""name"": ""Romance""}]"
61200291,119678509,72.5557,107,7.47,Movie 1384,"[{""id"": 35, ""name"": ""Comedy""}]"
104316389,310395734,23.9523,148,4.28,Movie 1385,"[{""id"": 28, ""name"": ""Action""}]"
21080673,23144406,70.8507,146,3.06,Movie 1386,"[{""id"": 18, ""name"": ""Drama""}]"
130914532,239160347,31.4626,174,7.66,Movie 1387,"[{""id"": 10749, ""name"": ""Romance""}]"
114474712,243532739,24.9753,99,7.93,Movie 1388,"[{""id"": 27, ""name"": ""Horror""}]"
75052985,158472721,8.2274,162,3.36,Movie 1389,"[{""id"": 10749, ""name"": ""Romance""}]"
141456523,269224843,74.6588,90,6.67,Movie 1390,"[{""id"": 28, ""name"": ""Action""}]"
82266262,200920539,71.3891,146,5.27,Movie 1391,"[{""id"": 18, ""name"": ""Drama""}]"
190316724,192686742,24.2154,166,7.76,Movie 1392,"[{""id"": 12, ""name"": ""Adventure""}]"
48226729,111599930,75.1885,86,8.25,Movie 1393,"[{""id"": 12, ""name"": ""Adventure""}]"
65504149,134240038,91.8662,102,8.11,Movie 1394,"[{""id"": 18, ""name"": ""Drama""}]"
52048404,142622400,11.6949,140,7.66,Movie 1395,"[{""id"": 10749, ""name"": ""Romance""}]"
59771482,156480908,24.031,150,4.61,Movie 1396,"[{""id"": 16, ""name"": ""Animation""}]"
108454264,139674732,75.2758,113,7.87,Movie 1397,"[{""id"": 18, ""name"": ""Drama""}]"
71860062,85556109,28.1762,98,6.2,Movie 1398,"[{""id"": 10749, ""name"": ""Romance""}]"
192918810,569907882,62.8417,137,3.32,Movie 1399,"[{""id"": 878, ""name"": ""Science Fiction""}]"
150950631,274452844,9.0353,88,5.74,Movie 1400,"[{""id"": 878, ""name"": ""Science Fiction""}]"
4138145,11446325,45.768,127,8.65,Movie 1401,"[{""id"": 10749, ""name"": ""Romance""}]"
35780908,75392065,68.9649,120,3.61,Movie 1403,"[{""id"": 12, ""name"": ""Adventure""}]"
47361481,135855845,87.8678,124,7.83,Movie 1405,"[{""id"": 16, ""name"": ""Animation""}]"
110981072,256638504,67.4872,157,5.83,Movie 1407,"[{""id"": 16, ""name"": ""Animation""}]"
188992985,349076189,4.1405,104,7.27,Movie 1408,"[{""id"": 28, ""name"": ""Action""}]"
127192596,82875174,53.9617,98,5.63,Movie 1409,"[{""id"": 35, ""name"": ""Comedy""}]"
35954715,79999217,4.7321,118,3.68,Movie 1410,"[{""id"": 878, ""name"": ""Science Fiction""}]"
90813693,202082388,80.9987,158,7.24,Movie 1411,"[{""id"": 27, ""name"": ""Horror""}]"
82250937,232483672,32.7517,159,8.47,Movie 1412,"[{""id"": 53, ""name"": ""Thriller""}]"
178688705,311504644,56.6805,106,6.91,Movie 1413,"[{""id"": 12, ""name"": ""Adventure""}]"
91740533,56091038,78.4675,142,5.15,Movie 1415,"[{""id"": 35, ""name"": ""Comedy""}]"
88182130,135721598,88.7638,147,4.1,Movie 1416,"[{""id"": 53, ""name"": ""Thriller""}]"
120558836,151276232,40.4656,98,6.86,Movie 1417,"[{""id"": 53, ""name"": ""Thriller""}]"
175599459,421916466,86.4293,107,4.97,Movie 1418,"[{""id"": 12, ""name"": ""Adventure""}]"
91133874,126281421,27.4404,164,8.16,Movie 1419,"[{""id"": 12, ""name"": ""Adventure""}]"
25694812,73812920,53.9314,157,3.74,Movie 1420,"[{""id"": 18, ""name"": ""Drama""}]"
62399188,181318032,86.0174,112,5.6,Movie 1421,"[{""id"": 12, ""name"": ""Adventure""}]"
106565962,218702284,33.2623,89,5.38,Movie 1422,"[{""id"": 53, ""name"": ""Thriller""}]"
186425407,447819155,13.0661,109,3.92,Movie 1424,"[{""id"": 35, ""name"": ""Comedy""}]"
175004899,326760240,2.8092,101,3.06,Movie 1425,"[{""id"": 10749, ""name"": ""Romance""}]"
136488624,129769267,90.5094,82,4.43,Movie 1426,"[{""id"": 12, ""name"": ""Adventure""}]"
17770274,33802369,99.197,154,4.26,Movie 1428,"[{""id"": 27, ""name"": ""Horror""}]"
51709813,137543135,95.1883,127,4.45,Movie 1429,"[{""id"": 53, ""name"": ""Thriller""}]"
166572705,283728858,14.5651,81,3.78,Movie 1430,"[{""id"": 16, ""name"": ""Animation""}]"
93983350,257907857,54.2209,155,7.29,Movie 1431,"[{""id"": 35, ""name"": ""Comedy""}]"
167091374,365240430,19.3071,133,3.42,Movie 1432,"[{""id"": 35, ""name"": ""Comedy""}]"
72240343,60862319,43.3874,85,4.99,Movie 1433,"[{""id"": 12, ""name"": ""Adventure""}]"
194583172,353768094,23.1685,172,6.33,Movie 1435,"[{""id"": 28, ""name"": ""Action""}]"
199663479,295431216,36.964,173,7.38,Movie 1436,"[{""id"": 18, ""name"": ""Drama""}]"
118855520,255276033,44.4261,81,6.2,Movie 1437,"[{""id"": 35, ""name"": ""Comedy""}]"
86518073,66812135,97.7721,152,8.59,Movie 1438,"[{""id"": 35, ""name"": ""Comedy""}]"
172123438,300456952,74.0036,172,5.17,Movie 1440,"[{""id"": 35, ""name"": ""Comedy""}]"
159973394,461131315,84.1598,153,7.43,Movie 1442,"[{""id"": 28, ""name"": ""Action""}]"
140921122,254552768,34.593,177,8.36,Movie 1443,"[{""id"": 27, ""name"": ""Horror""}]"
125681459,131688240,71.181,134,5.69,Movie 1444,"[{""id"": 16, ""name"": ""Animation""}]"
146633104,241564651,99.3846,151,6.18,Movie 1445,"[{""id"": 10749, ""name"": ""Romance""}]"
77176890,215977096,32.1483,139,5.49,Movie 1446,"[{""id"": 12, ""name"": ""Adventure""}]"
148501420,139626778,67.7277,176,8.1,Movie 1447,"[{""id"": 18, ""name"": ""Drama""}]"
128440874,132922509,84.5872,85,4.38,Movie 1448,"[{""id"": 10749, ""name"": ""Romance""}]"
94389281,50269269,91.665,98,4.44,Movie 1449,"[{""id"": 12, ""name"": ""Adventure""}]"
90817241,48630373,72.0753,175,5.24,Movie 1450,"[{""id"": 10749, ""name"": ""Romance""}]"
158785537,408631255,29.0772,106,4.38,Movie 1451,"[{""id"": 27, ""name"": ""Horror""}]"
190400564,443691675,33.3019,80,6.37,Movie 1452,"[{""id"": 18, ""name"": ""Drama""}]"
137939592,191405342,3.055,112,3.81,Movie 1453,"[{""id"": 53, ""name"": ""Thriller""}]"
175756880,506573859,86.6006,148,5.46,Movie 1456,"[{""id"": 27, ""name"": ""Horror""}]"
163322048,476513585,12.7474,96,7.49,Movie 1457,"[{""id"": 878, ""name"": ""Science Fiction""}]"
75842172,112396918,18.0158,87,3.68,Movie 1458,"[{""id"": 35, ""name"": ""Comedy""}]"
4875754,12850316,48.1761,136,4.49,Movie 1459,"[{""id"": 18, ""name"": ""Drama""}]"
154699943,376342048,74.0502,121,7.84,Movie 1460,"[{""id"": 878, ""name"": ""Science Fiction""}]"
96268888,122742817,14.7612,177,7.58,Movie 1461,"[{""id"": 10749, ""name"": ""Romance""}]"
58696034,63397561,44.567,88,5.32,Movie 1462,"[{""id"": 878, ""name"": ""Science Fiction""}]"
66564145,163306616,22.0163,114,8.46,Movie 1464,"[{""id"": 16, ""name"": ""Animation""}]"
11047595,32042659,12.4403,150,8.77,Movie 1465,"[{""id"": 18, ""name"": ""Drama""}]"
31908587,76866116,83.8057,158,5.57,Movie 1466,"[{""id"": 10749, ""name"": ""Romance""}]"
130705394,344803111,50.7441,132,4.18,Movie 1467,"[{""id"": 16, ""name"": ""Animation""}]"
96112669,192961634,2.4237,133,6.76,Movie 1468,"[{""id"": 18, ""name"": ""Drama""}]"
120102305,295578035,98.0986,104,3.75,Movie 1470,"[{""id"": 10749, ""name"": ""Romance""}]"
175348811,252934321,60.9867,146,7.72,Movie 1471,"[{""id"": 53, ""name"": ""Thriller""}]"
10004644,18808488,50.8671,141,3.11,Movie 1472,"[{""id"": 18, ""name"": ""Drama""}]"
125906539,316262470,87.9632,134,5.9,Movie 1473,"[{""id"": 16, ""name"": ""Animation""}]"
182735418,112408200,95.2992,125,4.99,Movie 1474,"[{""id"": 878, ""name"": ""Science Fiction""}]"
106650992,268781638,75.6992,103,7.44,Movie 1475,"[{""id"": 878, ""name"": ""Science Fiction""}]"
51760636,48899324,45.0998,177,4.88,Movie 1476,"[{""id"": 12, ""name"": ""Adventure""}]"
172856912,308845007,59.6299,125,7.96,Movie 1477,"[{""id"": 12, ""name"": ""Adventure""}]"
55706505,140418752,70.3926,101,6.57,Movie 1478,"[{""id"": 16, ""name"": ""Animation""}]"
37532022,41830136,45.2729,127,8.94,Movie 1480,"[{""id"": 12, ""name"": ""Adventure""}]"
92485680,139367688,83.1523,87,7.07,Movie 1481,"[{""id"": 28, ""name"": ""Action""}]"
104960587,287235876,65.8178,118,8.91,Movie 1482,"[{""id"": 53, ""name"": ""Thriller""}]"
180963197,90681916,41.7092,114,3.17,Movie 1483,"[{""id"": 28, ""name"": ""Action""}]"
89780367,247206446,66.6729,128,5.03,Movie 1484,"[{""id"": 28, ""name"": ""Action""}]"
37045138,32767075,12.704,125,3.65,Movie 1485,"[{""id"": 28, ""name"": ""Action""}]"
193091911,574490131,40.7483,117,4.57,Movie 1486,"[{""id"": 35, ""name"": ""Comedy""}]"
60912158,175860556,79.5197,87,8.03,Movie 1487,"[{""id"": 10749, ""name"": ""Romance""}]"
39808656,69135214,22.8304,133,3.19,Movie 1488,"[{""id"": 878, ""name"": ""Science Fiction""}]"
146098454,260318315,19.4102,116,6.12,Movie 1489,"[{""id"": 27, ""name"": ""Horror""}]"
158210084,269569945,95.131,170,6.4,Movie 1490,"[{""id"": 10749, ""name"": ""Romance""}]"
21515189,44936819,21.7799,171,6.37,Movie 1491,"[{""id"": 18, ""name"": ""Drama""}]"
53534223,38908901,26.8309,119,5.85,Movie 1492,"[{""id"": 12, ""name"": ""Adventure""}]"
158606597,92236852,96.992,113,7.74,Movie 1493,"[{""id"": 10749, ""name"": ""Romance""}]"
186013447,119840525,73.7361,175,3.8,Movie 1494,"[{""id"": 18, ""name"": ""Drama""}]"
122821649,197855036,70.2601,158,4.86,Movie 1495,"[{""id"": 16, ""name"": ""Animation""}]"
94050123,111813355,85.4397,96,6.69,Movie 1496,"[{""id"": 878, ""name"": ""Science Fiction""}]"
145780942,299594254,12.4665,112,7.15,Movie 1497,"[{""id"": 27, ""name"": ""Horror""}]"
29172140,42760754,50.8652,131,8.25,Movie 1499,"[{""id"": 28, ""name"": ""Action""}]"
193919065,375156431,83.0859,159,5.49,Movie 1500,"[{""id"": 12, ""name"": ""Adventure""}]"
170336878,262150114,51.306,172,5.42,Movie 1501,"[{""id"": 10749, ""name"": ""Romance""}]"
190689119,499258279,62.4039,88,3.22,Movie 1502,"[{""id"": 12, ""name"": ""Adventure""}]"
78632265,216678362,48.2965,112,6.31,Movie 1503,"[{""id"": 12, ""name"": ""Adventure""}]"
111654479,300728948,48.3377,139,7.25,Movie 1504,"[{""id"": 16, ""name"": ""Animation""}]"
24387092,71598809,77.029,172,3.69,Movie 1505,"[{""id"": 27, ""name"": ""Horror""}]"
154373781,87807492,63.2281,156,4.83,Movie 1506,"[{""id"": 878, ""name"": ""Science Fiction""}]"
174895929,454649034,63.6931,100,7.69,Movie 1507,"[{""id"": 16, ""name"": ""Animation""}]"
146796877,157327501,53.5798,164,4.45,Movie 1509,"[{""id"": 878, ""name"": ""Science Fiction""}]"
43607220,126059761,74.826,148,7.03,Movie 1510,"[{""id"": 878, ""name"": ""Science Fiction""}]"
187932742,163585081,82.7682,89,4.18,Movie 1511,"[{""id"": 12, ""name"": ""Adventure""}]"
22900146,50354554,69.9596,85,8.37,Movie 1512,"[{""id"": 53, ""name"": ""Thriller""}]"
145131569,154162459,92.4832,92,3.63,Movie 1513,"[{""id"": 12, ""name"": ""Adventure""}]"
30061846,47451169,82.2121,144,7.24,Movie 1514,"[{""id"": 16, ""name"": ""Animation""}]"
195741724,449794857,56.6245,99,6,Movie 1515,"[{""id"": 878, ""name"": ""Science Fiction""}]"
158686353,302823008,67.4692,136,8.22,Movie 1516,"[{""id"": 27, ""name"": ""Horror""}]"
138651110,217509563,92.7045,125,3.76,Movie 1517,"[{""id"": 10749, ""name"": ""Romance""}]"
76779042,101029401,62.2976,87,7.07,Movie 1518,"[{""id"": 10749, ""name"": ""Romance""}]"
97355770,83680777,69.1922,152,5.88,Movie 1520,"[{""id"": 27, ""name"": ""Horror""}]"
71503913,112637053,55.6417,146,5.95,Movie 1521,"[{""id"": 35, ""name"": ""Comedy""}]"
84952230,234416667,24.942,90,7.33,Movie 1522,"[{""id"": 16, ""name"": ""Animation""}]"
109092941,163896260,96.8065,89,3.55,Movie 1524,"[{""id"": 53, ""name"": ""Thriller""}]"
146040542,351632168,66.1188,104,3.12,Movie 1525,"[{""id"": 53, ""name"": ""Thriller""}]"
188096876,512040806,93.3627,128,3.65,Movie 1527,"[{""id"": 28, ""name"": ""Action""}]"
63076001,117401116,59.0647,168,8.92,Movie 1528,"[{""id"": 16, ""name"": ""Animation""}]"
43942594,44432651,53.0822,90,6.72,Movie 1529,"[{""id"": 53, ""name"": ""Thriller""}]"
38747492,44105211,76.1718,141,6.91,Movie 1530,"[{""id"": 16, ""name"": ""Animation""}]"
130987754,162324830,71.5539,115,4.19,Movie 1531,"[{""id"": 35, ""name"": ""Comedy""}]"
118574567,235311963,20.1228,118,4.44,Movie 1532,"[{""id"": 35, ""name"": ""Comedy""}]"
16170521,9411632,47.6595,132,6.96,Movie 1533,"[{""id"": 53, ""name"": ""Thriller""}]"
161059574,336631609,47.779,169,8.46,Movie 1534,"[{""id"": 27, ""name"": ""Horror""}]"
127639062,180084114,38.4442,157,8.89,Movie 1535,"[{""id"": 16, ""name"": ""Animation""}]"
13267883,16427025,52.2121,135,4.19,Movie 1536,"[{""id"": 878, ""name"": ""Science Fiction""}]"
43639398,117771451,41.8976,80,3.8,Movie 1537,"[{""id"": 16, ""name"": ""Animation""}]"
12984398,21424334,20.7352,135,3.34,Movie 1538,"[{""id"": 27, ""name"": ""Horror""}]"
170613808,125850309,41.8243,83,8.21,Movie 1539,"[{""id"": 878, ""name"": ""Science Fiction""}]"
165933123,425928244,8.1554,109,4.77,Movie 1540,"[{""id"": 10749, ""name"": ""Romance""}]"
175904668,108903132,58.0028,91,3.01,Movie 1541,"[{""id"": 16, ""name"": ""Animation""}]"
158432789,367068660,85.5118,114,4.34,Movie 1542,"[{""id"": 18, ""name"": ""Drama""}]"
4828433,6670511,36.679,131,8.95,Movie 1544,"[{""id"": 53, ""name"": ""Thriller""}]"
87621344,224483223,9.62,110,6.14,Movie 1545,"[{""id"": 27, ""name"": ""Horror""}]"
8152747,13519163,55.0035,147,5.01,Movie 1547,"[{""id"": 18, ""name"": ""Drama""}]"
196246973,120399127,21.4987,131,4.98,Movie 1548,"[{""id"": 16, ""name"": ""Animation""}]"
183562241,224877142,54.8533,159,3.12,Movie 1549,"[{""id"": 18, ""name"": ""Drama""}]"
105981218,156805561,85.0435,101,7.17,Movie 1551,"[{""id"": 28, ""name"": ""Action""}]"
92351453,172397195,40.3299,172,3.72,Movie 1552,"[{""id"": 10749, ""name"": ""Romance""}]"
2020154,3696991,25.3095,154,4.38,Movie 1553,"[{""id"": 27, ""name"": ""Horror""}]"
125284044,247571008,81.4203,135,5.1,Movie 1554,"[{""id"": 18, ""name"": ""Drama""}]"
39499601,25806171,34.9411,176,7.55,Movie 1555,"[{""id"": 10749, ""name"": ""Romance""}]"
7733215,10868574,12.0373,137,6.49,Movie 1556,"[{""id"": 12, ""name"": ""Adventure""}]"
33339834,76942358,57.4705,172,7.13,Movie 1557,"[{""id"": 27, ""name"": ""Horror""}]"
41739629,41798090,58.5749,143,6.4,Movie 1558,"[{""id"": 18, ""name"": ""Drama""}]"
165118515,166595655,71.7549,91,7.1,Movie 1559,"[{""id"": 27, ""name"": ""Horror""}]"
74823165,39299110,24.7817,86,3.02,Movie 1560,"[{""id"": 878, ""name"": ""Science Fiction""}]"
112855600,179858513,44.9334,134,8.59,Movie 1561,"[{""id"": 28, ""name"": ""Action""}]"
116667420,315799566,28.9544,141,3.67,Movie 1562,"[{""id"": 12, ""name"": ""Adventure""}]"
162476925,102320226,9.0144,169,5.44,Movie 1563,"[{""id"": 12, ""name"": ""Adventure""}]"
183001908,178938675,87.7848,152,7.63,Movie 1564,"[{""id"": 27, ""name"": ""Horror""}]"
182596907,232849647,73.1581,177,5.61,Movie 1565,"[{""id"": 18, ""name"": ""Drama""}]"
11760888,27394775,30.8448,156,8.68,Movie 1566,"[{""id"": 27, ""name"": ""Horror""}]"
79414095,166895787,60.3379,134,5.81,Movie 1567,"[{""id"": 35, ""name"": ""Comedy""}]"
94144811,144969806,20.9251,115,8.25,Movie 1568,"[{""id"": 10749, ""name"": ""Romance""}]"
101018552,242209388,89.1334,168,7.86,Movie 1569,"[{""id"": 16, ""name"": ""Animation""}]"
79483721,160881213,12.3757,103,8.89,Movie 1570,"[{""id"": 12, ""name"": ""Adventure""}]"
126410205,346376855,1.3799,123,8.56,Movie 1571,"[{""id"": 18, ""name"": ""Drama""}]"
103522878,117191419,58.7297,81,7.39,Movie 1573,"[{""id"": 12, ""name"": ""Adventure""}]"
97719187,115171486,58.3176,92,5.2,Movie 1574,"[{""id"": 12, ""name"": ""Adventure""}]"
193293440,157223181,6.3967,110,3.64,Movie 1575,"[{""id"": 878, ""name"": ""Science Fiction""}]"
15372528,20636263,32.0903,172,7.13,Movie 1576,"[{""id"": 12, ""name"": ""Adventure""}]"
129036268,386961676,50.4207,107,8.87,Movie 1577,"[{""id"": 10749, ""name"": ""Romance""}]"
181913293,275485474,22.4413,139,7.36,Movie 1578,"[{""id"": 878, ""name"": ""Science Fiction""}]"
160940253,169183787,87.39,106,8.57,Movie 1579,"[{""id"": 16, ""name"": ""Animation""}]"
174180913,419115368,9.6238,94,7.83,Movie 1580,"[{""id"": 28, ""name"": ""Action""}]"
199891843,371034743,49.2511,174,3.98,Movie 1581,"[{""id"": 35, ""name"": ""Comedy""}]"
121488081,106181023,69.4502,158,4.5,Movie 1582,"[{""id"": 10749, ""name"": ""Romance""}]"
199031293,288938545,26.9134,112,5.05,Movie 1583,"[{""id"": 18, ""name"": ""Drama""}]"
115282788,177094454,62.7998,99,4.01,Movie 1584,"[{""id"": 16, ""name"": ""Animation""}]"
181788888,433489101,83.1091,121,6.49,Movie 1585,"[{""id"": 878, ""name"": ""Science Fiction""}]"
118105071,65156019,19.8434,91,8.85,Movie 1586,"[{""id"": 28, ""name"": ""Action""}]"
77767936,91186724,91.8048,152,7.57,Movie 1587,"[{""id"": 18, ""name"": ""Drama""}]"
152780276,274086402,55.8023,102,5.54,Movie 1588,"[{""id"": 16, ""name"": ""Animation""}]"
194705934,228218107,30.624,151,3.03,Movie 1589,"[{""id"": 27, ""name"": ""Horror""}]"
41057648,85033883,43.655,175,4.88,Movie 1590,"[{""id"": 878, ""name"": ""Science Fiction""}]"
72425912,123462185,31.907,93,6.16,Movie 1591,"[{""id"": 35, ""name"": ""Comedy""}]"
133086923,186890723,72.786,170,4.95,Movie 1592,"[{""id"": 10749, ""name"": ""Romance""}]"
82242298,236283895,79.8338,104,3.67,Movie 1593,"[{""id"": 35, ""name"": ""Comedy""}]"
54520377,113424124,83.4608,156,5.66,Movie 1594,"[{""id"": 28, ""name"": ""Action""}]"
157100668,129585024,98.5911,164,4.52,Movie 1595,"[{""id"": 16, ""name"": ""Animation""}]"
116581866,285838873,60.537,133,3.61,Movie 1597,"[{""id"": 53, ""name"": ""Thriller""}]"
112902075,256425929,34.5828,84,3.29,Movie 1598,"[{""id"": 27, ""name"": ""Horror""}]"
183883013,171052221,54.9149,92,3.03,Movie 1599,"[{""id"": 35, ""name"": ""Comedy""}]"
193545574,567291754,5.0657,107,4.97,Movie 1600,"[{""id"": 10749, ""name"": ""Romance""}]"
18687991,30312558,74.7377,122,6.96,Movie 1601,"[{""id"": 18, ""name"": ""Drama""}]"
40509310,36359637,45.1496,168,7.38,Movie 1602,"[{""id"": 12, ""name"": ""Adventure""}]"
32061293,30473918,2.9823,178,5.72,Movie 1603,"[{""id"": 53, ""name"": ""Thriller""}]"
129425994,324703321,39.3592,150,5.16,Movie 1605,"[{""id"": 28, ""name"": ""Action""}]"
124368509,100126131,58.7587,117,7.01,Movie 1606,"[{""id"": 12, ""name"": ""Adventure""}]"
181534424,147553565,46.9562,175,3.24,Movie 1607,"[{""id"": 35, ""name"": ""Comedy""}]"
11679043,30671257,62.3012,146,5.34,Movie 1608,"[{""id"": 28, ""name"": ""Action""}]"
190716026,259661816,48.5491,141,7.75,Movie 1609,"[{""id"": 27, ""name"": ""Horror""}]"
115161223,66464696,66.5087,118,7.82,Movie 1610,"[{""id"": 10749, ""name"": ""Romance""}]"
23470291,14780139,22.6935,116,7.3,Movie 1611,"[{""id"": 10749, ""name"": ""Romance""}]"
109773212,93902872,12.1715,165,4.23,Movie 1612,"[{""id"": 18, ""name"": ""Drama""}]"
106856574,110434492,60.047,87,4.48,Movie 1613,"[{""id"": 53, ""name"": ""Thriller""}]"
185980789,402251429,48.9843,160,8.98,Movie 1614,"[{""id"": 16, ""name"": ""Animation""}]"
195290548,174456112,3.6599,131,3.62,Movie 1615,"[{""id"": 878, ""name"": ""Science Fiction""}]"
78921522,62915130,38.6677,170,4.08,Movie 1616,"[{""id"": 12, ""name"": ""Adventure""}]"
55496748,133846937,11.5064,112,3.78,Movie 1617,"[{""id"": 10749, ""name"": ""Romance""}]"
186412937,405939934,53.6043,160,4.97,Movie 1618,"[{""id"": 28, ""name"": ""Action""}]"
40043896,63602142,40.182,121,4.26,Movie 1619,"[{""id"": 53, ""name"": ""Thriller""}]"
142674713,267268891,61.702,155,5.99,Movie 1620,"[{""id"": 12, ""name"": ""Adventure""}]"
158762472,203209621,80.7546,106,5.86,Movie 1621,"[{""id"": 16, ""name"": ""Animation""}]"
85912633,146588520,30.6672,87,8.41,Movie 1622,"[{""id"": 27, ""name"": ""Horror""}]"
128064322,226248884,96.2481,102,3.21,Movie 1623,"[{""id"": 35, ""name"": ""Comedy""}]"
59865527,87888171,54.0278,143,4.92,Movie 1624,"[{""id"": 16, ""name"": ""Animation""}]"
21521013,11624675,68.3866,99,6.63,Movie 1626,"[{""id"": 878, ""name"": ""Science Fiction""}]"
136732270,335736265,67.0064,95,5.88,Movie 1627,"[{""id"": 878, ""name"": ""Science Fiction""}]"
124798230,101206007,51.5861,96,7.89,Movie 1628,"[{""id"": 27, ""name"": ""Horror""}]"
38735088,96600211,43.4477,159,3.38,Movie 1629,"[{""id"": 35, ""name"": ""Comedy""}]"
79427656,162014927,6.3244,98,7.89,Movie 1630,"[{""id"": 53, ""name"": ""Thriller""}]"
150353491,392151257,3.1865,87,5.97,Movie 1631,"[{""id"": 53, ""name"": ""Thriller""}]"
108509488,80707817,36.4382,117,3.8,Movie 1632,"[{""id"": 12, ""name"": ""Adventure""}]"
44951994,85294232,34.0324,117,8.31,Movie 1633,"[{""id"": 35, ""name"": ""Comedy""}]"
92233769,161659943,39.3818,132,6.9,Movie 1634,"[{""id"": 16, ""name"": ""Animation""}]"
36383985,66791041,74.0787,179,3.2,Movie 1636,"[{""id"": 10749, ""name"": ""Romance""}]"
37595773,69621221,85.8395,169,3.85,Movie 1637,"[{""id"": 35, ""name"": ""Comedy""}]"
125106967,196917097,93.9327,110,6.65,Movie 1638,"[{""id"": 28, ""name"": ""Action""}]"
97362498,123853476,49.7439,123,4.08,Movie 1639,"[{""id"": 28, ""name"": ""Action""}]"
15315679,26123354,70.3857,139,4.35,Movie 1640,"[{""id"": 53, ""name"": ""Thriller""}]"
159658533,463613789,42.4108,96,7.34,Movie 1642,"[{""id"": 10749, ""name"": ""Romance""}]"
156982967,358867286,31.6319,158,7.86,Movie 1643,"[{""id"": 53, ""name"": ""Thriller""}]"
159803950,460421993,93.7357,152,7.78,Movie 1644,"[{""id"": 10749, ""name"": ""Romance""}]"
150744728,160817257,52.052,118,3.77,Movie 1645,"[{""id"": 10749, ""name"": ""Romance""}]"
131738504,355476928,50.2281,121,8.42,Movie 1646,"[{""id"": 27, ""name"": ""Horror""}]"
86561923,218307002,18.6632,127,7.03,Movie 1647,"[{""id"": 12, ""name"": ""Adventure""}]"
76532173,167825950,11.7073,91,8.39,Movie 1648,"[{""id"": 35, ""name"": ""Comedy""}]"
125497505,258847761,84.3686,175,5.68,Movie 1649,"[{""id"": 53, ""name"": ""Thriller""}]"
86607690,111842933,61.7992,168,5.62,Movie 1650,"[{""id"": 18, ""name"": ""Drama""}]"
11569320,29397954,33.2566,97,7.71,Movie 1651,"[{""id"": 878, ""name"": ""Science Fiction""}]"
70448631,123552009,19.9819,158,3.56,Movie 1652,"[{""id"": 28, ""name"": ""Action""}]"
68001666,46052696,55.9942,175,6.13,Movie 1653,"[{""id"": 53, ""name"": ""Thriller""}]"
99609786,127715474,58.808,85,8.02,Movie 1654,"[{""id"": 16, ""name"": ""Animation""}]"
20391451,57875887,21.4924,122,7.98,Movie 1655,"[{""id"": 18, ""name"": ""Drama""}]"
169263196,444603747,85.2892,114,8.74,Movie 1656,"[{""id"": 16, ""name"": ""Animation""}]"
60047560,177426383,9.3422,177,7.19,Movie 1657,"[{""id"": 16, ""name"": ""Animation""}]"
191596290,396601150,36.2532,133,4.25,Movie 1658,"[{""id"": 53, ""name"": ""Thriller""}]"
78960088,88338586,68.3581,141,3.12,Movie 1659,"[{""id"": 10749, ""name"": ""Romance""}]"
171482401,155540989,28.1379,148,5.88,Movie 1660,"[{""id"": 16, ""name"": ""Animation""}]"
72087566,39611335,74.2469,95,4.44,Movie 1662,"[{""id"": 16, ""name"": ""Animation""}]"
130888295,193283435,79.1133,87,3.75,Movie 1663,"[{""id"": 16, ""name"": ""Animation""}]"
106169850,103894545,12.7915,168,6.52,Movie 1664,"[{""id"": 10749, ""name"": ""Romance""}]"
135823137,207692408,14.9142,175,7.59,Movie 1665,"[{""id"": 16, ""name"": ""Animation""}]"
144680471,410528822,29.3609,169,8.96,Movie 1666,"[{""id"": 878, ""name"": ""Science Fiction""}]"
12377787,19511731,52.2896,165,7.55,Movie 1667,"[{""id"": 10749, ""name"": ""Romance""}]"
22827621,61519553,75.0536,110,7.76,Movie 1668,"[{""id"": 35, ""name"": ""Comedy""}]"
42892167,86374612,83.8166,89,6.7,Movie 1669,"[{""id"": 10749, ""name"": ""Romance""}]"
36280122,40554968,70.7292,135,8.92,Movie 1670,"[{""id"": 878, ""name"": ""Science Fiction""}]"
155275716,215776864,92.9311,155,6.84,Movie 1671,"[{""id"": 53, ""name"": ""Thriller""}]"
141026769,100100636,74.1356,171,8.16,Movie 1672,"[{""id"": 878, ""name"": ""Science Fiction""}]"
80655365,107566550,31.3205,149,8.67,Movie 1673,"[{""id"": 10749, ""name"": ""Romance""}]"
106750564,234194977,27.243,99,8.58,Movie 1674,"[{""id"": 10749, ""name"": ""Romance""}]"
141373307,96173112,69.9231,84,5.29,Movie 1675,"[{""id"": 28, ""name"": ""Action""}]"
34957164,86069940,82.3425,138,3.63,Movie 1679,"[{""id"": 878, ""name"": ""Science Fiction""}]"
186055455,434200753,11.0366,172,4.11,Movie 1680,"[{""id"": 16, ""name"": ""Animation""}]"
70058877,55379958,79.3972,159,5.05,Movie 1681,"[{""id"": 12, ""name"": ""Adventure""}]"
129452956,317482045,81.3456,133,6.26,Movie 1682,"[{""id"": 28, ""name"": ""Action""}]"
136350386,335854456,48.7451,125,7.27,Movie 1683,"[{""id"": 27, ""name"": ""Horror""}]"
53316857,106780694,6.6737,101,4.27,Movie 1684,"[{""id"": 28, ""name"": ""Action""}]"
38877058,115694410,18.2844,143,7.04,Movie 1685,"[{""id"": 878, ""name"": ""Science Fiction""}]"
152651895,200452510,71.0352,87,7.23,Movie 1686,"[{""id"": 27, ""name"": ""Horror""}]"
160394855,457635572,71.466,99,6.35,Movie 1687,"[{""id"": 53, ""name"": ""Thriller""}]"
189028967,526791177,89.9372,130,8.42,Movie 1688,"[{""id"": 18, ""name"": ""Drama""}]"
14881178,7867703,58.6859,157,3.67,Movie 1689,"[{""id"": 16, ""name"": ""Animation""}]"
74135852,120492356,13.2866,118,4.06,Movie 1690,"[{""id"": 10749, ""name"": ""Romance""}]"
16590661,48822343,13.0201,116,5.57,Movie 1691,"[{""id"": 10749, ""name"": ""Romance""}]"
92312343,69954607,72.3921,129,3.76,Movie 1692,"[{""id"": 878, ""name"": ""Science Fiction""}]"
144674535,270463507,19.1947,113,6.4,Movie 1693,"[{""id"": 53, ""name"": ""Thriller""}]"
164559776,485022458,33.5102,154,5.39,Movie 1694,"[{""id"": 16, ""name"": ""Animation""}]"
139902074,264238441,49.234,112,4.71,Movie 1695,"[{""id"": 16, ""name"": ""Animation""}]"
153042287,149145563,3.4517,110,4.02,Movie 1696,"[{""id"": 27, ""name"": ""Horror""}]"
90605800,177175843,25.6331,133,5.01,Movie 1697,"[{""id"": 12, ""name"": ""Adventure""}]"
93379916,94416567,41.3811,123,6.65,Movie 1698,"[{""id"": 27, ""name"": ""Horror""}]"
43827096,30026186,14.5007,150,3.98,Movie 1700,"[{""id"": 53, ""name"": ""Thriller""}]"
187118499,376801770,73.0732,141,3.75,Movie 1701,"[{""id"": 10749, ""name"": ""Romance""}]"
50352346,90230137,81.5016,102,3.16,Movie 1702,"[{""id"": 10749, ""name"": ""Romance""}]"
12667877,29774621,26.4904,125,3.07,Movie 1703,"[{""id"": 878, ""name"": ""Science Fiction""}]"
8393979,17432205,77.6675,135,8.28,Movie 1704,"[{""id"": 27, ""name"": ""Horror""}]"
145332806,272355956,39.1698,86,3.27,Movie 1705,"[{""id"": 10749, ""name"": ""Romance""}]"
29506244,65635079,51.1619,168,7.39,Movie 1706,"[{""id"": 28, ""name"": ""Action""}]"
26214698,22540833,85.7441,140,8.23,Movie 1707,"[{""id"": 28, ""name"": ""Action""}]"
103285868,205373532,75.2454,82,3.59,Movie 1708,"[{""id"": 18, ""name"": ""Drama""}]"
126616114,356273120,14.5477,163,8.77,Movie 1710,"[{""id"": 53, ""name"": ""Thriller""}]"
18486878,12401649,7.9022,113,8,Movie 1711,"[{""id"": 12, ""name"": ""Adventure""}]"
58195030,91711693,89.4471,123,5.94,Movie 1712,"[{""id"": 35, ""name"": ""Comedy""}]"
23098345,51728597,39.3956,109,7.58,Movie 1713,"[{""id"": 12, ""name"": ""Adventure""}]"
17620937,28987419,29.5001,96,8,Movie 1714,"[{""id"": 35, ""name"": ""Comedy""}]"
98147242,184855181,83.8051,89,8.35,Movie 1716,"[{""id"": 12, ""name"": ""Adventure""}]"
177631220,373750256,86.3865,178,5.82,Movie 1717,"[{""id"": 12, ""name"": ""Adventure""}]"
145746022,329310335,32.2837,163,6.17,Movie 1718,"[{""id"": 10749, ""name"": ""Romance""}]"
154587614,221547167,85.369,97,9,Movie 1719,"[{""id"": 16, ""name"": ""Animation""}]"
5810833,11093751,5.0525,124,8.06,Movie 1720,"[{""id"": 35, ""name"": ""Comedy""}]"
24480675,39823110,5.9165,170,5.17,Movie 1721,"[{""id"": 12, ""name"": ""Adventure""}]"
85328141,186027301,62.7284,138,3.06,Movie 1722,"[{""id"": 28, ""name"": ""Action""}]"
29500556,57788415,7.2475,141,6.76,Movie 1723,"[{""id"": 35, ""name"": ""Comedy""}]"
33073692,60008594,33.1363,138,7.22,Movie 1724,"[{""id"": 12, ""name"": ""Adventure""}]"
38316107,43060059,67.6028,128,6.9,Movie 1725,"[{""id"": 27, ""name"": ""Horror""}]"
28427110,14357006,34.3894,179,8.81,Movie 1726,"[{""id"": 28, ""name"": ""Action""}]"
25192961,23560562,18.7804,142,8.18,Movie 1727,"[{""id"": 35, ""name"": ""Comedy""}]"
160077599,126887926,28.8537,166,5.69,Movie 1728,"[{""id"": 10749, ""name"": ""Romance""}]"
93763660,152151403,46.3,111,3.38,Movie 1729,"[{""id"": 27, ""name"": ""Horror""}]"
60844250,123553094,48.0632,89,5.86,Movie 1730,"[{""id"": 878, ""name"": ""Science Fiction""}]"
188630704,194801290,78.517,90,7.14,Movie 1731,"[{""id"": 10749, ""name"": ""Romance""}]"
30263888,86180740,75.2652,149,6.65,Movie 1732,"[{""id"": 878, ""name"": ""Science Fiction""}]"
43106078,22273139,46.225,141,6.23,Movie 1733,"[{""id"": 28, ""name"": ""Action""}]"
8281505,20130289,84.7211,126,5.81,Movie 1734,"[{""id"": 18, ""name"": ""Drama""}]"
39679227,81858718,12.3095,113,4.76,Movie 1735,"[{""id"": 35, ""name"": ""Comedy""}]"
39965695,57306290,26.28,179,4.66,Movie 1736,"[{""id"": 53, ""name"": ""Thriller""}]"
172735895,108171080,82.9697,96,6,Movie 1737,"[{""id"": 35, ""name"": ""Comedy""}]"
27540396,56973269,38.4214,133,3.96,Movie 1738,"[{""id"": 10749, ""name"": ""Romance""}]"
129184994,189131195,98.137,155,5.04,Movie 1739,"[{""id"": 878, ""name"": ""Science Fiction""}]"
15812143,44917046,47.1591,164,4.94,Movie 1740,"[{""id"": 18, ""name"": ""Drama""}]"
192042885,356234786,79.4016,119,6.52,Movie 1741,"[{""id"": 12, ""name"": ""Adventure""}]"
144206866,410863931,40.8284,98,3.4,Movie 1742,"[{""id"": 878, ""name"": ""Science Fiction""}]"
48364509,50841218,43.0704,146,7.98,Movie 1743,"[{""id"": 28, ""name"": ""Action""}]"
80146438,185484085,38.9054,161,6.37,Movie 1744,"[{""id"": 16, ""name"": ""Animation""}]"
110487327,259481760,55.2043,143,7.22,Movie 1746,"[{""id"": 16, ""name"": ""Animation""}]"
119633441,124020358,94.434,162,4.75,Movie 1747,"[{""id"": 10749, ""name"": ""Romance""}]"
127152510,274965559,25.8381,126,5.82,Movie 1748,"[{""id"": 18, ""name"": ""Drama""}]"
74663899,130296043,10.9557,85,8.74,Movie 1749,"[{""id"": 878, ""name"": ""Science Fiction""}]"
167674709,119175350,35.2735,131,4.05,Movie 1753,"[{""id"": 18, ""name"": ""Drama""}]"
2656671,6689426,65.7249,127,3.39,Movie 1754,"[{""id"": 10749, ""name"": ""Romance""}]"
23922481,60837997,62.1047,118,5.15,Movie 1756,"[{""id"": 53, ""name"": ""Thriller""}]"
178715391,285223053,23.9044,91,7.84,Movie 1758,"[{""id"": 12, ""name"": ""Adventure""}]"
89785936,268518822,41.0199,89,5.2,Movie 1759,"[{""id"": 878, ""name"": ""Science Fiction""}]"
91126859,97772729,99.3333,150,4.9,Movie 1760,"[{""id"": 35, ""name"": ""Comedy""}]"
21833173,40766680,86.9871,134,8.1,Movie 1761,"[{""id"": 16, ""name"": ""Animation""}]"
91503568,199174792,56.8993,80,8.08,Movie 1762,"[{""id"": 878, ""name"": ""Science Fiction""}]"
85483977,192524370,52.1461,128,5.14,Movie 1763,"[{""id"": 16, ""name"": ""Animation""}]"
155936181,157505158,29.1754,115,7.99,Movie 1764,"[{""id"": 28, ""name"": ""Action""}]"
144379136,308247323,52.2037,100,8.1,Movie 1765,"[{""id"": 16, ""name"": ""Animation""}]"
53374647,135887790,84.97,116,5.54,Movie 1766,"[{""id"": 18, ""name"": ""Drama""}]"
172432145,479155002,29.7144,134,3.01,Movie 1768,"[{""id"": 53, ""name"": ""Thriller""}]"
155571455,89260699,20.9449,104,6.14,Movie 1769,"[{""id"": 878, ""name"": ""Science Fiction""}]"
135766876,188706125,27.2556,86,5.06,Movie 1770,"[{""id"": 16, ""name"": ""Animation""}]"
57755036,107323371,60.3774,98,6.61,Movie 1,"[{""id"": 10749, ""name"": ""Romance""}]"
192100010,342896533,86.2899,96,7.18,Movie 2,"[{""id"": 18, ""name"": ""Drama""}]"
128521863,253206827,86.9953,148,3.54,Movie 3,"[{""id"": 35, ""name"": ""Comedy""}]"
156299516,89635602,72.7101,118,5.99,Movie 4,"[{""id"": 18, ""name"": ""Drama""}]"
148532820,221133868,74.8296,161,4.58,Movie 5,"[{""id"": 35, ""name"": ""Comedy""}]"
134224038,270524761,56.2348,150,7.35,Movie 6,"[{""id"": 10749, ""name"": ""Romance""}]"
36788921,73368473,58.8821,160,4.14,Movie 7,"[{""id"": 12, ""name"": ""Adventure""}]"
134120466,332939335,14.2314,118,8.35,Movie 8,"[{""id"": 28, ""name"": ""Action""}]"
161953558,346179511,44.9421,115,5.59,Movie 9,"[{""id"": 27, ""name"": ""Horror""}]"
94410762,281375537,45.6269,119,4.19,Movie 10,"[{""id"": 27, ""name"": ""Horror""}]"
92090292,111395762,95.8913,124,5.63,Movie 11,"[{""id"": 28, ""name"": ""Action""}]"
166850211,233236168,43.6776,83,5.45,Movie 12,"[{""id"": 27, ""name"": ""Horror""}]"
77737383,113466874,55.3849,104,5.57,Movie 13,"[{""id"": 27, ""name"": ""Horror""}]"
106859763,289124732,42.8429,96,8.33,Movie 971,"[{""id"": 27, ""name"": ""Horror""}]"
162599237,449819492,62.2108,172,6.58,Movie 1625,"[{""id"": 18, ""name"": ""Drama""}]"
37328139,20139762,17.8062,160,8.98,Movie 1771,"[{""id"": 878, ""name"": ""Science Fiction""}]"
22845218,63462204,42.4945,173,7.57,Movie 1773,"[{""id"": 10749, ""name"": ""Romance""}]"
137991667,191415427,12.2167,150,8.73,Movie 1774,"[{""id"": 10749, ""name"": ""Romance""}]"
37989387,39446696,55.1851,150,4.91,Movie 1776,"[{""id"": 10749, ""name"": ""Romance""}]"
106600006,212426034,17.2953,103,4,Movie 1777,"[{""id"": 10749, ""name"": ""Romance""}]"
14426716,28666000,7.3241,90,7.48,Movie 1778,"[{""id"": 878, ""name"": ""Science Fiction""}]"
96019914,137356581,32.4215,152,5.27,Movie 1779,"[{""id"": 35, ""name"": ""Comedy""}]"
39710304,52917442,22.8116,91,5.84,Movie 1780,"[{""id"": 18, ""name"": ""Drama""}]"
48718021,132143284,52.0152,114,6.78,Movie 1781,"[{""id"": 27, ""name"": ""Horror""}]"
27996639,40824995,11.1343,142,8.45,Movie 1782,"[{""id"": 53, ""name"": ""Thriller""}]"
88649202,153695773,75.4253,147,5.51,Movie 1783,"[{""id"": 27, ""name"": ""Horror""}]"
11774986,14227267,90.7171,179,7.7,Movie 1784,"[{""id"": 12, ""name"": ""Adventure""}]"
5421590,13374649,74.6001,171,4.61,Movie 1785,"[{""id"": 27, ""name"": ""Horror""}]"
37089369,55397437,53.7499,136,7.19,Movie 1786,"[{""id"": 53, ""name"": ""Thriller""}]"
146763809,261830688,86.2061,92,3.01,Movie 1787,"[{""id"": 18, ""name"": ""Drama""}]"
102475757,116145297,69.7969,102,8.23,Movie 1788,"[{""id"": 28, ""name"": ""Action""}]"
30221379,37134197,40.0149,118,7.28,Movie 1790,"[{""id"": 35, ""name"": ""Comedy""}]"
171482786,416164084,85.2442,167,3.28,Movie 1791,"[{""id"": 27, ""name"": ""Horror""}]"
60644300,95135086,35.24,159,4.6,Movie 1792,"[{""id"": 27, ""name"": ""Horror""}]"
180142120,182942161,4.4863,176,5.98,Movie 1793,"[{""id"": 28, ""name"": ""Action""}]"
166888038,417102757,74.8718,91,5.52,Movie 1794,"[{""id"": 16, ""name"": ""Animation""}]"
117067598,156170162,80.4018,113,4.15,Movie 1795,"[{""id"": 35, ""name"": ""Comedy""}]"
193455542,515168890,16.8988,150,5,Movie 1796,"[{""id"": 18, ""name"": ""Drama""}]"
58641756,163501599,54.1967,154,7.37,Movie 1797,"[{""id"": 28, ""name"": ""Action""}]"
27552476,73001926,20.0036,110,7.02,Movie 1798,"[{""id"": 16, ""name"": ""Animation""}]"
143891891,84539333,72.2042,172,3.43,Movie 1799,"[{""id"": 27, ""name"": ""Horror""}]"
118884703,293458967,27.8835,141,7.48,Movie 1800,"[{""id"": 18, ""name"": ""Drama""}]"
86388417,132031621,32.3053,92,3.32,Movie 1801,"[{""id"": 12, ""name"": ""Adventure""}]"
99023086,265808392,84.6521,110,6.26,Movie 1802,"[{""id"": 12, ""name"": ""Adventure""}]"
183766675,384970171,48.1559,81,4.56,Movie 1803,"[{""id"": 12, ""name"": ""Adventure""}]"
127749717,330119044,67.3057,94,6.53,Movie 1804,"[{""id"": 878, ""name"": ""Science Fiction""}]"
28209162,49325960,40.8349,136,4.57,Movie 1805,"[{""id"": 18, ""name"": ""Drama""}]"
100898906,185408173,30.5027,154,8.91,Movie 1806,"[{""id"": 878, ""name"": ""Science Fiction""}]"
58396048,50277191,62.9223,113,4.86,Movie 1807,"[{""id"": 18, ""name"": ""Drama""}]"
111538109,274380223,16.3309,147,4.45,Movie 1808,"[{""id"": 12, ""name"": ""Adventure""}]"
112917803,174850285,37.927,154,4.67,Movie 1809,"[{""id"": 35, ""name"": ""Comedy""}]"
135442423,237051368,21.6947,108,8.38,Movie 1810,"[{""id"": 10749, ""name"": ""Romance""}]"
188991004,465436515,69.8837,145,6.82,Movie 1811,"[{""id"": 27, ""name"": ""Horror""}]"
27267668,54456627,94.4767,95,7.38,Movie 1812,"[{""id"": 35, ""name"": ""Comedy""}]"
149281646,149691695,99.5556,118,8.51,Movie 1813,"[{""id"": 878, ""name"": ""Science Fiction""}]"
193102351,381489460,45.5774,156,8.47,Movie 1814,"[{""id"": 35, ""name"": ""Comedy""}]"
193672612,294204606,26.0005,116,7.43,Movie 1815,"[{""id"": 10749, ""name"": ""Romance""}]"
59093498,98911515,44.8401,160,4.19,Movie 1816,"[{""id"": 18, ""name"": ""Drama""}]"
117052051,66810757,84.8797,100,8.06,Movie 1817,"[{""id"": 35, ""name"": ""Comedy""}]"
98042181,100500429,21.3946,123,4.22,Movie 1818,"[{""id"": 18, ""name"": ""Drama""}]"
44353746,53339602,95.2575,98,7.46,Movie 1819,"[{""id"": 35, ""name"": ""Comedy""}]"
105003512,239660017,34.8447,150,7.11,Movie 1820,"[{""id"": 53, ""name"": ""Thriller""}]"
21610500,11426145,98.5946,87,7.55,Movie 1821,"[{""id"": 12, ""name"": ""Adventure""}]"
148463424,225952891,84.0223,156,6.2,Movie 1822,"[{""id"": 18, ""name"": ""Drama""}]"
36402297,102292899,81.0485,145,6.83,Movie 1823,"[{""id"": 53, ""name"": ""Thriller""}]"
83030459,64738976,32.4726,120,8.72,Movie 1824,"[{""id"": 878, ""name"": ""Science Fiction""}]"
159581669,285820498,1.8689,154,3.61,Movie 1825,"[{""id"": 53, ""name"": ""Thriller""}]"
183341134,452175330,38.8312,167,4.85,Movie 1826,"[{""id"": 28, ""name"": ""Action""}]"
110971388,316970712,30.8791,149,6.67,Movie 1827,"[{""id"": 10749, ""name"": ""Romance""}]"
56229602,133092184,4.7023,140,8.78,Movie 1828,"[{""id"": 878, ""name"": ""Science Fiction""}]"
134719871,310046179,51.0312,105,3.57,Movie 1829,"[{""id"": 27, ""name"": ""Horror""}]"
115533144,296483490,40.9001,150,3.14,Movie 1830,"[{""id"": 27, ""name"": ""Horror""}]"
118785367,191898122,63.8211,162,3.33,Movie 1831,"[{""id"": 35, ""name"": ""Comedy""}]"
2074961,5217720,62.4974,149,3.31,Movie 1832,"[{""id"": 53, ""name"": ""Thriller""}]"
147168299,76514419,12.9539,108,8.45,Movie 1833,"[{""id"": 10749, ""name"": ""Romance""}]"
154372879,434004319,97.7196,145,7.33,Movie 1834,"[{""id"": 18, ""name"": ""Drama""}]"
186683482,300236747,19.5062,98,7.06,Movie 1835,"[{""id"": 18, ""name"": ""Drama""}]"
132827271,250173585,45.0821,147,6.14,Movie 1836,"[{""id"": 16, ""name"": ""Animation""}]"
148084347,168402351,49.3236,137,7.69,Movie 1837,"[{""id"": 35, ""name"": ""Comedy""}]"
70583832,166318594,81.4932,149,3.93,Movie 1838,"[{""id"": 878, ""name"": ""Science Fiction""}]"
115232628,309006606,43.4358,116,5.94,Movie 1840,"[{""id"": 53, ""name"": ""Thriller""}]"
124085319,318935511,63.2217,140,3.66,Movie 1841,"[{""id"": 18, ""name"": ""Drama""}]"
90858638,94506638,22.3004,171,5.52,Movie 1842,"[{""id"": 878, ""name"": ""Science Fiction""}]"
70551130,178022442,63.1193,109,4.9,Movie 1843,"[{""id"": 53, ""name"": ""Thriller""}]"
139655405,344375471,92.4428,150,3.21,Movie 1844,"[{""id"": 28, ""name"": ""Action""}]"
131371121,273323068,99.7543,152,3.82,Movie 1845,"[{""id"": 16, ""name"": ""Animation""}]"
48347699,69320952,4.2127,104,7.58,Movie 1846,"[{""id"": 28, ""name"": ""Action""}]"
190700011,526121518,24.9835,97,7.8,Movie 1850,"[{""id"": 53, ""name"": ""Thriller""}]"
140698868,97659357,21.1453,89,8.39,Movie 1851,"[{""id"": 27, ""name"": ""Horror""}]"
159209559,409515355,95.5008,171,8.65,Movie 1852,"[{""id"": 35, ""name"": ""Comedy""}]"
197915003,271583952,91.9336,90,8.2,Movie 1853,"[{""id"": 18, ""name"": ""Drama""}]"
129897401,234334715,5.6523,176,4.73,Movie 1854,"[{""id"": 53, ""name"": ""Thriller""}]"
106644558,265141202,34.5425,144,5,Movie 1855,"[{""id"": 10749, ""name"": ""Romance""}]"
190074584,515281052,41.1097,156,5.56,Movie 1856,"[{""id"": 16, ""name"": ""Animation""}]"
6290717,8567664,24.6624,163,3.84,Movie 1857,"[{""id"": 16, ""name"": ""Animation""}]"
154876934,256260722,63.2584,144,3.13,Movie 1858,"[{""id"": 18, ""name"": ""Drama""}]"
1797968,2762200,64.3977,131,8.21,Movie 1859,"[{""id"": 18, ""name"": ""Drama""}]"
193442237,103129392,85.1999,146,6.32,Movie 1860,"[{""id"": 12, ""name"": ""Adventure""}]"
56940773,70598428,74.3461,161,6.65,Movie 1861,"[{""id"": 28, ""name"": ""Action""}]"
164381167,270895738,54.7148,157,8.56,Movie 1862,"[{""id"": 10749, ""name"": ""Romance""}]"
154869243,236599011,65.7051,110,6.99,Movie 1863,"[{""id"": 16, ""name"": ""Animation""}]"
8339838,19221851,28.1249,170,7.15,Movie 1864,"[{""id"": 878, ""name"": ""Science Fiction""}]"
114900245,167985197,59.7126,96,7.72,Movie 1865,"[{""id"": 878, ""name"": ""Science Fiction""}]"
84629045,145853176,49.4335,134,3.7,Movie 1866,"[{""id"": 18, ""name"": ""Drama""}]"
58661940,92335153,14.2011,172,5.16,Movie 1867,"[{""id"": 16, ""name"": ""Animation""}]"
82576052,194182984,25.0119,115,8.81,Movie 1868,"[{""id"": 35, ""name"": ""Comedy""}]"
77107468,141085284,92.5066,132,8.3,Movie 1870,"[{""id"": 878, ""name"": ""Science Fiction""}]"
106573072,263617071,23.8083,96,5.71,Movie 1871,"[{""id"": 12, ""name"": ""Adventure""}]"
50909831,63228315,29.6351,165,8.14,Movie 1872,"[{""id"": 878, ""name"": ""Science Fiction""}]"
117387604,217569005,37.5661,104,3.29,Movie 1873,"[{""id"": 10749, ""name"": ""Romance""}]"
43721553,59595750,66.7105,81,3.89,Movie 1874,"[{""id"": 53, ""name"": ""Thriller""}]"
76134271,116904349,12.7056,165,5.48,Movie 1875,"[{""id"": 35, ""name"": ""Comedy""}]"
183273389,495599872,86.6916,83,4.58,Movie 1877,"[{""id"": 12, ""name"": ""Adventure""}]"
160772142,129218756,58.1444,115,5.14,Movie 1878,"[{""id"": 27, ""name"": ""Horror""}]"
162149534,338340916,67.7297,85,3.98,Movie 1879,"[{""id"": 10749, ""name"": ""Romance""}]"
148693733,290749706,2.6494,100,5.93,Movie 1880,"[{""id"": 10749, ""name"": ""Romance""}]"
179939423,143238546,34.5555,156,7.76,Movie 1881,"[{""id"": 53, ""name"": ""Thriller""}]"
138369610,142484144,79.7704,168,6.97,Movie 1882,"[{""id"": 18, ""name"": ""Drama""}]"
33134444,42329458,8.6708,105,3.65,Movie 1883,"[{""id"": 27, ""name"": ""Horror""}]"
31319320,28730079,28.9491,134,5.93,Movie 1884,"[{""id"": 18, ""name"": ""Drama""}]"
66062907,73285148,58.9444,118,7.19,Movie 1885,"[{""id"": 12, ""name"": ""Adventure""}]"
129208997,151045575,26.3849,163,6.18,Movie 1886,"[{""id"": 10749, ""name"": ""Romance""}]"
141955048,190104011,93.4638,112,5.35,Movie 1887,"[{""id"": 35, ""name"": ""Comedy""}]"
171161543,406247837,13.9748,93,6.73,Movie 1888,"[{""id"": 12, ""name"": ""Adventure""}]"
158991690,306819064,79.942,135,8.81,Movie 1889,"[{""id"": 18, ""name"": ""Drama""}]"
185713429,550754842,51.2869,179,3.57,Movie 1890,"[{""id"": 27, ""name"": ""Horror""}]"
183236247,281604714,75.2827,160,5.34,Movie 1891,"[{""id"": 53, ""name"": ""Thriller""}]"
90859624,216669554,31.7608,100,5.44,Movie 1892,"[{""id"": 53, ""name"": ""Thriller""}]"
174054539,466234855,51.9345,125,6.46,Movie 1893,"[{""id"": 53, ""name"": ""Thriller""}]"
37097069,81518814,85.8267,95,3.91,Movie 1894,"[{""id"": 27, ""name"": ""Horror""}]"
76142815,116472759,47.2209,95,4.06,Movie 1895,"[{""id"": 35, ""name"": ""Comedy""}]"
79888398,190452868,36.6123,163,4.71,Movie 1896,"[{""id"": 35, ""name"": ""Comedy""}]"
193656693,195432107,54.0794,108,8.74,Movie 1897,"[{""id"": 53, ""name"": ""Thriller""}]"
99138203,130751434,72.0189,171,7.4,Movie 1898,"[{""id"": 27, ""name"": ""Horror""}]"
65274067,121847958,44.9128,87,6.97,Movie 1899,"[{""id"": 12, ""name"": ""Adventure""}]"
144952544,280993908,93.9488,167,7.9,Movie 1900,"[{""id"": 27, ""name"": ""Horror""}]"
111830503,62105482,30.1996,82,3.77,Movie 1901,"[{""id"": 878, ""name"": ""Science Fiction""}]"
42965471,123000926,48.0709,168,8.16,Movie 1902,"[{""id"": 28, ""name"": ""Action""}]"
17052465,38224262,75.9358,98,6.57,Movie 1903,"[{""id"": 35, ""name"": ""Comedy""}]"
60963387,106031142,69.223,176,5.01,Movie 1904,"[{""id"": 18, ""name"": ""Drama""}]"
43590048,123482676,86.5005,145,7.9,Movie 1905,"[{""id"": 10749, ""name"": ""Romance""}]"
77070913,123139196,99.6841,158,7.82,Movie 1906,"[{""id"": 53, ""name"": ""Thriller""}]"
148069152,436965234,43.259,165,8.07,Movie 1907,"[{""id"": 35, ""name"": ""Comedy""}]"
109948256,195786167,12.0039,153,3.69,Movie 1908,"[{""id"": 27, ""name"": ""Horror""}]"
33356072,26208346,4.0112,161,8.82,Movie 1909,"[{""id"": 28, ""name"": ""Action""}]"
164753932,397386884,72.9608,101,8.76,Movie 1910,"[{""id"": 35, ""name"": ""Comedy""}]"
86936029,191019695,87.5274,125,5.14,Movie 1911,"[{""id"": 16, ""name"": ""Animation""}]"
143606240,349317411,22.8505,170,3.4,Movie 1912,"[{""id"": 878, ""name"": ""Science Fiction""}]"
52599948,151414477,16.6864,92,4,Movie 1913,"[{""id"": 35, ""name"": ""Comedy""}]"
70056627,171023867,7.1583,112,8.96,Movie 1914,"[{""id"": 27, ""name"": ""Horror""}]"
195567833,396678352,82.4476,84,6.38,Movie 1915,"[{""id"": 16, ""name"": ""Animation""}]"
95159765,251533166,31.8268,169,5.14,Movie 1916,"[{""id"": 35, ""name"": ""Comedy""}]"
42208934,92147003,40.768,156,4.73,Movie 1917,"[{""id"": 28, ""name"": ""Action""}]"
34138881,51901260,50.7723,106,4.54,Movie 1918,"[{""id"": 16, ""name"": ""Animation""}]"
22650278,23890406,65.4325,103,5.52,Movie 1920,"[{""id"": 12, ""name"": ""Adventure""}]"
58376857,133484707,61.8914,146,8.79,Movie 1921,"[{""id"": 12, ""name"": ""Adventure""}]"
9439469,25523461,18.3915,142,7.1,Movie 1922,"[{""id"": 35, ""name"": ""Comedy""}]"
25455289,59267327,51.8058,173,7.75,Movie 1923,"[{""id"": 10749, ""name"": ""Romance""}]"
39400142,88381947,71.8227,178,4.76,Movie 1924,"[{""id"": 878, ""name"": ""Science Fiction""}]"
55332385,131779372,97.3528,127,3.48,Movie 1925,"[{""id"": 35, ""name"": ""Comedy""}]"
177881769,295753010,20.9392,142,5.93,Movie 1926,"[{""id"": 35, ""name"": ""Comedy""}]"
195929067,197612330,8.4548,91,4.21,Movie 1928,"[{""id"": 18, ""name"": ""Drama""}]"
181679984,148698897,38.2094,107,8.72,Movie 1929,"[{""id"": 878, ""name"": ""Science Fiction""}]"
61344167,74457829,82.2339,123,5.66,Movie 1930,"[{""id"": 28, ""name"": ""Action""}]"
82500098,146553544,46.2163,122,4.19,Movie 1932,"[{""id"": 18, ""name"": ""Drama""}]"
92144826,235107237,33.5938,96,4.68,Movie 1933,"[{""id"": 27, ""name"": ""Horror""}]"
136661445,206553065,6.1957,119,9,Movie 1934,"[{""id"": 28, ""name"": ""Action""}]"
139627080,238882534,45.5734,128,4.61,Movie 1935,"[{""id"": 878, ""name"": ""Science Fiction""}]"
178366431,95144080,26.2201,164,4.97,Movie 1936,"[{""id"": 10749, ""name"": ""Romance""}]"
93601713,142681592,35.8366,136,6.96,Movie 1937,"[{""id"": 12, ""name"": ""Adventure""}]"
43307399,91787242,70.8559,166,4.76,Movie 1938,"[{""id"": 10749, ""name"": ""Romance""}]"
2308507,2775298,13.3401,143,3.95,Movie 1940,"[{""id"": 16, ""name"": ""Animation""}]"
144549523,147424742,96.18,154,4.88,Movie 1941,"[{""id"": 35, ""name"": ""Comedy""}]"
116750205,70629621,63.9552,136,3.64,Movie 1942,"[{""id"": 10749, ""name"": ""Romance""}]"
10986298,18656384,76.821,177,3.11,Movie 1943,"[{""id"": 53, ""name"": ""Thriller""}]"
76655174,73152663,8.8421,153,7.83,Movie 1944,"[{""id"": 878, ""name"": ""Science Fiction""}]"
154846218,365081524,5.6588,153,3.83,Movie 1945,"[{""id"": 27, ""name"": ""Horror""}]"
86111891,225597629,2.9254,149,7.66,Movie 1946,"[{""id"": 27, ""name"": ""Horror""}]"
151220165,281868785,19.6906,179,7.79,Movie 1947,"[{""id"": 18, ""name"": ""Drama""}]"
21606265,63830704,42.0264,167,6.23,Movie 1948,"[{""id"": 18, ""name"": ""Drama""}]"
146309717,237928339,93.6468,155,4.86,Movie 1949,"[{""id"": 16, ""name"": ""Animation""}]"
187418046,557202169,29.7353,102,7.42,Movie 1951,"[{""id"": 12, ""name"": ""Adventure""}]"
80790594,87162636,56.6316,106,6.61,Movie 1952,"[{""id"": 28, ""name"": ""Action""}]"
176037566,502827515,12.0815,137,6.93,Movie 1953,"[{""id"": 28, ""name"": ""Action""}]"
114398568,69450671,61.3411,116,3.05,Movie 1954,"[{""id"": 27, ""name"": ""Horror""}]"
168501499,272292899,57.2748,85,8.57,Movie 1955,"[{""id"": 12, ""name"": ""Adventure""}]"
190363049,128496729,79.4073,144,3.4,Movie 1956,"[{""id"": 28, ""name"": ""Action""}]"
5755469,13370454,98.6821,85,5.2,Movie 1957,"[{""id"": 16, ""name"": ""Animation""}]"
83162634,168073541,25.8365,129,5.42,Movie 1958,"[{""id"": 16, ""name"": ""Animation""}]"
109637707,156091733,78.7338,104,7.52,Movie 1961,"[{""id"": 10749, ""name"": ""Romance""}]"
149368268,91607289,49.2532,158,7.94,Movie 1962,"[{""id"": 35, ""name"": ""Comedy""}]"
180439128,248078963,94.5918,169,8.28,Movie 1963,"[{""id"": 27, ""name"": ""Horror""}]"
71941842,104176560,93.1689,130,6.78,Movie 1965,"[{""id"": 18, ""name"": ""Drama""}]"
165777526,427443966,6.0002,167,3.48,Movie 1966,"[{""id"": 28, ""name"": ""Action""}]"
141370669,368385634,55.1832,127,5.93,Movie 1967,"[{""id"": 18, ""name"": ""Drama""}]"
105779107,151592344,89.1537,149,3.93,Movie 1968,"[{""id"": 18, ""name"": ""Drama""}]"
171503798,356723046,27.0094,178,5.22,Movie 1969,"[{""id"": 878, ""name"": ""Science Fiction""}]"
145773814,107643612,47.7526,144,4.98,Movie 1970,"[{""id"": 10749, ""name"": ""Romance""}]"
188525407,143127820,33.1086,139,5.54,Movie 1971,"[{""id"": 10749, ""name"": ""Romance""}]"
158507371,98535181,95.2622,125,6.43,Movie 1972,"[{""id"": 878, ""name"": ""Science Fiction""}]"
90597893,176895804,82.5409,115,8.42,Movie 1973,"[{""id"": 18, ""name"": ""Drama""}]"
137158097,214676759,71.1911,137,5.37,Movie 1974,"[{""id"": 18, ""name"": ""Drama""}]"
122388754,228876870,59.1751,155,8.89,Movie 1975,"[{""id"": 878, ""name"": ""Science Fiction""}]"
176899285,318893329,82.2386,117,7.55,Movie 1976,"[{""id"": 35, ""name"": ""Comedy""}]"
86103140,118435512,39.8344,90,6.07,Movie 1977,"[{""id"": 12, ""name"": ""Adventure""}]"
183444343,402418835,45.3076,91,6.86,Movie 1978,"[{""id"": 12, ""name"": ""Adventure""}]"
161172904,386211329,73.2702,121,3.61,Movie 1979,"[{""id"": 28, ""name"": ""Action""}]"
109772994,58900966,36.4177,118,8.07,Movie 1980,"[{""id"": 18, ""name"": ""Drama""}]"
82718171,84215845,7.3262,150,6.49,Movie 1981,"[{""id"": 16, ""name"": ""Animation""}]"
52721929,120368891,8.3591,90,8.92,Movie 1982,"[{""id"": 878, ""name"": ""Science Fiction""}]"
122381618,179478814,12.4209,115,6.82,Movie 1983,"[{""id"": 35, ""name"": ""Comedy""}]"
142996476,308330412,87.0985,131,8,Movie 1984,"[{""id"": 10749, ""name"": ""Romance""}]"
187400693,276769812,71.5754,112,5.07,Movie 1986,"[{""id"": 53, ""name"": ""Thriller""}]"
132651518,118948242,39.898,92,4.56,Movie 1987,"[{""id"": 28, ""name"": ""Action""}]"
70055694,80254230,26.6124,97,5.58,Movie 1988,"[{""id"": 10749, ""name"": ""Romance""}]"
33997728,68455424,35.372,120,5.8,Movie 1989,"[{""id"": 28, ""name"": ""Action""}]"
121054662,191618366,79.6241,137,4.44,Movie 1990,"[{""id"": 27, ""name"": ""Horror""}]"
108902283,265259466,62.8964,135,8.37,Movie 1991,"[{""id"": 35, ""name"": ""Comedy""}]"
100989204,265749291,93.8263,103,6.26,Movie 1992,"[{""id"": 10749, ""name"": ""Romance""}]"
171377374,317753538,68.2908,152,8.87,Movie 1993,"[{""id"": 16, ""name"": ""Animation""}]"
176695801,423304516,57.448,110,7.86,Movie 1994,"[{""id"": 16, ""name"": ""Animation""}]"
145934935,184937692,61.4094,134,6.33,Movie 1995,"[{""id"": 35, ""name"": ""Comedy""}]"
17169764,26397276,94.2948,89,8.68,Movie 1996,"[{""id"": 35, ""name"": ""Comedy""}]"
144602179,329974102,79.0319,139,6.03,Movie 1997,"[{""id"": 878, ""name"": ""Science Fiction""}]"
77123517,113026826,3.3801,81,8.32,Movie 1998,"[{""id"": 35, ""name"": ""Comedy""}]"
21808635,42990540,53.8798,94,5.15,Movie 1999,"[{""id"": 16, ""name"": ""Animation""}]"
173267671,166931609,69.1455,82,5.27,Movie 2000,"[{""id"": 27, ""name"": ""Horror""}]"
